date,open,high,low,close,volume,change,ticker,name,shares_outstanding,market_cap,per,pbr,foreign_net_buy,inst_net_buy,retail_net_buy,stagnant_days,stagnation_level,ret_5d,ret_10d,ret_20d,ret_60d,ret_120d,high_52w_dist,low_52w_dist,drawdown_20d,mom_quality_20d,up_down_ratio_20d,streak_up,streak_down,ret_rank_20d,ret_rank_60d,acceleration,vol_20d,vol_60d,vol_ratio,atr_20d,range_20d,vol_of_vol,downside_vol_20d,upside_vol_20d,vol_skew,gap_vol_20d,value_traded,volume_ratio_5d,volume_ratio_20d,volume_trend,value_ratio_20d,turnover_20d,volume_price_corr_20d,obv_slope_20d,volume_ma_cross,illiquidity_20d,zero_volume_days_20d,ma_dist_5d,ma_dist_20d,ma_dist_60d,ma_dist_120d,ma_slope_20d,ma_cross_5_20,ma_cross_20_60,bb_position_20d,rsi_14d,macd_signal,body_ratio,upper_shadow,lower_shadow,gap_up,gap_filled,candle_type,consecutive_candle,inside_bar,outside_bar,avg_candle_size_10d,limit_up_days_20d,limit_down_days_20d,big_drop_count_60d,price_stagnant_days,suspension_risk_score,market_ret_20d,market_vol_20d,market_trend,rel_ret_20d,rel_vol_20d,beta_60d,alpha_60d,corr_market_60d,market_breadth,sector_momentum,mom_12_1,reversal_5d,reversal_10d,log_liquidity,turnover_ratio,turnover_spike,rebound_from_low,drop_from_high,reversal_candidate,per_feat,pbr_feat,foreign_net_buy_ratio_1d,foreign_net_buy_ratio_5d,foreign_net_buy_ratio_20d,foreign_net_buy_ratio_60d,foreign_net_buy_turnaround,inst_net_buy_ratio_1d,inst_net_buy_ratio_5d,inst_net_buy_ratio_20d,inst_net_buy_ratio_60d,inst_net_buy_turnaround,retail_net_buy_ratio_1d,retail_net_buy_ratio_5d,retail_net_buy_ratio_20d,retail_net_buy_ratio_60d,retail_net_buy_turnaround,smart_net_buy_ratio_1d,smart_net_buy_ratio_5d,smart_net_buy_ratio_20d,smart_net_buy_ratio_60d,smart_empty_house_20d,smart_empty_house_60d,smart_turnaround,momentum_with_empty_house,momentum_with_smart_turnaround,ensemble_score,market_cap_bn
2026-04-02,17890.0,17890.0,15800.0,15990.0,124575,-4.707986,270660,에브리봇,12371090.0,197813729100.0,,,,,,0,0,-0.046511627906976716,-0.1338028169014085,-0.048214285714285765,-0.3092872570194385,0.0,-0.4309608540925267,0.032945736434108586,-0.16238868517548455,0.55,1.2222222222222223,0.0,1.0,0.4886858137510879,0.03524804177545692,0.04503766786767116,0.050456582449730704,0.05162479425872304,0.9773711096428255,0.07004377736085053,0.27579493835171964,0.0030082378458591275,0.024508460822785794,0.03560249923511,1.4526615723664682,0.039300405048566404,1991954250.0,2.416323347997114,2.051637192480871,0.8490739429313008,1.840019999038124,0.0981640259669924,0.22187875461132875,10994.5,0,4.360711388009584e-11,0.0,-0.015272816849365656,-0.09625275532696542,-0.2690341406922614,-0.25665544675642593,-0.07152602854743913,0,0,0.11375861606009098,34.61538461538461,-11.039542116486473,0.9090909090909091,0.0,0.09090909090909091,0.06615017878426688,1,-1,-1.0,0,1,0.053908692933083174,0.0,0.0,1.0,0,1.0,0.10663731184753633,0.026565049977816873,1,-0.1548515975618221,1.8993595905847886,1.8367899167164234,-0.007776826337355918,0.7676838409990059,0.48906650240959637,0.10663731184753633,0.0,0.046511627906976716,0.1338028169014085,20.802605589297045,2.051637192480871,1.0,0.032945736434108586,-0.4309608540925267,0.0,698.52,3.5,0.0,0.0,0.0,0.0,0.0,0.0,0.0,0.0,0.0,0.0,0.0,0.0,0.0,0.0,0.0,,,,,0.0,0.0,0.0,0.0,0.0,0.021586449988032594,1978.0
2026-04-02,16470.0,16820.0,15100.0,15390.0,198502,-5.756277,204270,제이앤티씨,57848466.0,890287891740.0,,,,,,0,0,-0.08934911242603549,-0.14166201896263242,-0.038124999999999964,-0.22351160443995965,0.0,-0.3940944881889764,0.01383399209486158,-0.2021772939346812,0.45,0.8181818181818182,0.0,1.0,0.5274151436031331,0.09442993907745866,-0.031903490563235715,0.056757952495966234,0.05560371414576953,1.0207582958787749,0.0822287199480182,0.3249001331557923,0.0054618894249536965,0.018232120683444198,0.05158960341164416,2.8295997107177144,0.03846229560821584,3054945780.0,1.18117704743226,0.974169075277482,0.8247443322702646,0.8452322754741012,0.07044800461951749,0.32649686082532525,-19410.05,0,1.1935290989501909e-11,0.0,-0.04052369077306728,-0.1249466950959488,-0.232476373338653,-0.2324092605102498,-0.06511627906976744,0,0,0.034160021722899565,32.96969696969697,-130.63135465668665,0.627906976744186,0.20348837209302326,0.1686046511627907,0.008573178199632547,1,-1,-1.0,0,1,0.06426250812215724,0.0,0.0,2.0,0,2.0,0.10663731184753633,0.026565049977816873,1,-0.1447623118475363,2.136564867875721,2.1019072087486443,-0.006084006217718034,0.8156258547361963,0.48906650240959637,0.10663731184753633,0.0,0.08934911242603549,0.14166201896263242,22.008171488915263,0.974169075277482,0.0,0.01383399209486158,-0.3940944881889764,1.0,0.0,3.17,0.0,0.00011659086739691454,-0.0007126349329920049,0.003707786102705412,5.894992012898315e-05,0.0,-9.62045985835864e-05,-0.005751888175508448,-0.001563957805015554,0.00026835348905870514,0.0,-5.200646810385051e-06,0.00601420130615258,-0.0026402648589847998,-0.000301750194669706,,2.0386268813328135e-05,-0.006464523108500453,0.002143828297689857,0.006464523108500453,-0.002143828297689857,0.00032730340918768827,0.0,0.0,0.020564980976129785,8903.0
2026-04-02,5010.0,5080.0,4565.0,4645.0,95531,-7.1,223250,드림씨아이에스,23799324.0,110547859980.0,,,,,,0,0,-0.051072522982635316,-0.06726907630522083,-0.031282586027111536,-0.2719435736677116,0.0,-0.39596879063719115,0.0,-0.15082266910420472,0.4,0.8,0.0,1.0,0.5461270670147955,0.057876414273281114,-0.03400424989026585,0.04998733759919819,0.04921019818068899,1.0157922432186866,0.06803013993541443,0.2267250821467689,0.00285985600271358,0.025066927073240926,0.04306632722817112,1.7180537168492682,0.022127278653627187,443741495.0,1.2011582700886683,0.9654018280090931,0.8037257470972814,0.8820193414756738,0.08315753002060058,0.4688089023038625,-8591.25,0,6.852694063467481e-11,0.0,-0.03329864724245579,-0.07933204499281499,-0.1932962834317471,-0.20294750103173387,-0.049992938850444854,0,0,0.055439223104943335,37.468982630272954,-0.9921546777357548,0.7087378640776699,0.13592233009708737,0.1553398058252427,0.0020000000000000018,1,-1,-1.0,0,1,0.061571582346609255,0.0,0.0,1.0,0,1.0,0.10663731184753633,0.026565049977816873,1,-0.13791989787464787,1.8816955978227063,1.7096173550472444,-0.0068380533928581585,0.7495921853985318,0.48906650240959637,0.10663731184753633,0.0,0.051072522982635316,0.06726907630522083,20.036294028465775,0.9654018280090931,0.0,0.0,-0.29833836858006046,1.0,24.01,1.87,0.0,1.3680976313762751e-05,0.0029040830882228743,0.005756895301575124,-0.00014246795914839115,0.0,0.0,-0.00013937935565986318,-0.001066639811427653,6.968967782993159e-06,0.0,-5.322714292728333e-05,-0.0027291190261411625,-0.005881272375078135,0.00012581052272160145,,1.3680976313762751e-05,0.0027647037325630184,0.004690255490147472,-0.0027647037325630184,-0.004690255490147472,-0.00013549899136539837,0.0,0.0,0.019939221612955346,1105.0
2026-04-02,3100.0,3140.0,2870.0,2885.0,383461,-6.634304,217820,원익피앤이,47454559.0,136906402715.0,,,,,,0,0,-0.0556464811783961,-0.08267090620031792,-0.046280991735537236,-0.20741758241758246,0.0,-0.34207525655644244,0.0,-0.17335243553008595,0.55,1.2222222222222223,0.0,1.0,0.4978241949521323,0.10966057441253264,-0.02702962903213224,0.04802344526042167,0.04505479924718226,1.0658896735274004,0.06750433275563258,0.21951219512195122,0.0025616627397257374,0.026050430348446195,0.033138338597458836,1.2720841135522893,0.022829562577786,1106284985.0,1.91548337531008,1.8992309684883804,0.9915152451693461,1.7199325827182461,0.08509332053849662,-0.037796469694079946,1015.9,0,5.686965689601445e-11,0.0,-0.03865378207264247,-0.09497294329856487,-0.2276631344116007,-0.2267383670630545,-0.05673916259801746,0,0,0.03111535453220449,33.82352941176471,-1.0944131380502142,0.7962962962962963,0.14814814814814814,0.05555555555555555,0.003236245954692629,1,-1,-1.0,0,0,0.05684575389948007,0.0,0.0,1.0,0,1.0,0.10663731184753633,0.026565049977816873,1,-0.15291830358307357,1.8077679244166156,1.8109645419672715,-0.005779758756325547,0.8672616343350957,0.48906650240959637,0.10663731184753633,0.0,0.0556464811783961,0.08267090620031792,20.281988286236675,1.8992309684883804,0.0,0.0,-0.34207525655644244,1.0,0.0,1.87,0.0,0.00014883609097197364,-0.004556570604685046,0.013441821677097829,0.000257595748428647,0.0,0.00016519122371581632,-0.00048529027103821746,0.00018099732502101207,5.730275829507414e-05,0.0,-0.0003007501501015155,0.005107567847186568,-0.013754259944332325,-0.0003155284223796315,,0.00031402731468778997,-0.005041860875723264,0.01362281900211884,0.005041860875723264,-0.01362281900211884,0.00031489850672372123,0.0,0.0,0.01976419629886271,1369.0
2026-04-02,409000.0,414000.0,373500.0,381500.0,1814,-4.862843,000157,두산2우B,893038.0,340693997000.0,,,,,,0,0,-0.19259259259259254,-0.17780172413793105,-0.1319681456200228,-0.128,0.0,-0.3271604938271605,0.001312335958005173,-0.3271604938271605,0.6,1.5,0.0,1.0,0.2362924281984334,0.23237597911227154,-0.21091155810983386,0.07820824700974756,0.05068249948400734,1.5431016190199116,0.11865880297072959,0.6278447121820616,0.018170956205347123,0.054108772017859706,0.04275388299514442,0.7901469835802709,0.05279685198839758,692041000.0,1.0752815649081209,0.6253231755662035,0.5815436588644903,0.490805460497182,0.06496700028442239,0.5914153620630667,1313.1,0,6.00149324661581e-11,0.0,-0.056860321384425205,-0.17316861725184218,-0.13591664936486658,-0.1422009507901838,-0.010879468353073584,0,1,0.08489970375662083,36.156351791530945,-11602.176091574787,0.6790123456790124,0.12345679012345678,0.19753086419753085,0.01995012468827939,1,-1,-1.0,0,0,0.07974920311311748,0.0,0.0,1.0,0,1.0,0.10663731184753633,0.026565049977816873,1,-0.23860545746755912,2.9440278514459903,1.8844666233562894,-0.0033061886253752046,0.7779777135375169,0.48906650240959637,0.10663731184753633,0.0,0.19259259259259254,0.17780172413793105,21.066863201590838,0.6253231755662035,0.0,0.001312335958005173,-0.3271604938271605,1.0,0.0,0.0,0.0,-0.0005600324578297766,0.004030062164611004,0.005991957890300897,-0.0003135095997965055,0.0,0.0006765397672000997,0.004244478636491685,0.008528881439789032,-7.691597838456433e-05,0.0,-0.00011763949688586113,-0.008034319213486999,-0.014274393516779338,0.00037818806129717773,,0.00011650730937032303,0.008274540801102688,0.014520839330089928,-0.008274540801102688,-0.014520839330089928,-0.0003904255781810698,0.0,0.0,0.019738024271870866,3407.0
2026-04-02,14190.0,14260.0,12800.0,13200.0,62051,-5.579399,049950,미래컴퍼니,8817884.0,116396068800.0,,,,,,0,0,-0.06581740976645434,-0.13894324853228968,-0.23433874709976799,-0.23121723937099592,0.0,-0.383177570093458,0.010719754977029039,-0.1931540342298288,0.4,0.6666666666666666,0.0,1.0,0.058311575282854654,0.08746736292428199,0.012460476730610237,0.06409135195582366,0.04811954010657874,1.3319194616962124,0.07897727272727273,0.37109375,0.006213725538037048,0.04097030789757625,0.045541476796545834,1.1115727250670726,0.029916452504456785,819073200.0,1.1784445921564903,1.0557388819556632,0.8958748582516872,0.9481901094490525,0.13330851256378515,0.016592047810642593,-17049.15,0,5.486460378982802e-11,0.0,-0.03026741110784603,-0.10136837088978146,-0.19027512242999256,-0.2142553438212671,-0.05872929415911057,0,0,0.11225929050518346,31.496062992125985,-92.83201542086056,0.678082191780822,0.04794520547945205,0.273972602739726,0.015021459227467782,1,-1,-1.0,0,1,0.05287878787878788,0.0,0.0,1.0,0,1.0,0.10663731184753633,0.026565049977816873,1,-0.3409760589473043,2.4126192877236483,1.8718018104564633,-0.005709143150316106,0.8357876891931572,0.48906650240959637,0.10663731184753633,0.0,0.06581740976645434,0.13894324853228968,20.57688427570898,1.0557388819556632,0.0,0.010719754977029039,-0.3052631578947368,1.0,0.0,0.98,0.0,-0.0003965754245181223,-0.004260712525621428,0.00033776436234273747,0.00013372054137744696,0.0,1.0352705007387234e-07,-3.979062555468819e-05,-0.020003925855377826,2.010236687749184e-06,0.0,0.0003964718974680484,0.004075340389147408,0.029990121857602445,-0.00012447263996376073,,-0.0003964718974680484,-0.004300503151176113,-0.01966616149303509,0.004300503151176113,0.01966616149303509,0.000135730778065196,0.0,0.0,0.019735625184918656,1164.0
2026-04-02,6890.0,7010.0,6360.0,6390.0,183152,-7.65896,214420,토니모리,24054799.0,153710165610.0,,,,,,0,0,-0.11002785515320335,-0.010835913312693513,-0.29780219780219785,-0.25,0.0,-0.3391933815925543,0.022399999999999975,-0.293141592920354,0.35,0.5833333333333334,0.0,1.0,0.020017406440382943,0.07136640557006092,-0.22148296351233643,0.05527897962574175,0.04263332613940737,1.2966142835063856,0.07128325508607199,0.5170731707317073,0.011092391135453938,0.04059811922187738,0.029246741466019747,0.7203964623627037,0.03482263725657789,1170341280.0,1.4504194014343277,0.7649556808772565,0.5274030946640591,0.6631669042517272,0.1990690090571948,0.22390067606911004,-111931.05,0,2.8891536262820395e-11,0.0,-0.04939006248140432,-0.11953151911815363,-0.228478287117157,-0.23523936170212756,-0.08335964635301547,0,0,0.2453336681430277,40.732265446224254,-13.720077932318532,0.7692307692307693,0.18461538461538463,0.046153846153846156,-0.00433526011560692,1,-1,-1.0,0,1,0.048826291079812206,0.0,0.0,2.0,0,2.0,0.10663731184753633,0.026565049977816873,1,-0.4044395096497342,2.0808912338543473,1.6223897408497419,-0.0066556321028671955,0.7995539602495343,0.48906650240959637,0.10663731184753633,0.0,0.11002785515320335,0.010835913312693513,21.29128981562136,0.7649556808772565,0.0,0.022399999999999975,-0.3391933815925543,1.0,10.12,1.51,0.0,0.0,-0.0026117288747716317,0.0024397446282695516,0.0,0.0,0.0,-0.017892263616607115,-0.01590518857349364,0.0,0.0,0.0,0.018289171527076983,0.011590626786818407,0.0,,,-0.02050399249137875,-0.013465443945224092,0.02050399249137875,0.013465443945224092,0.0,0.0,0.0,0.019668845631028428,1537.0
2026-04-02,20100.0,20300.0,18280.0,18520.0,131735,-7.630923,220100,퓨쳐켐,22427420.0,415355818400.0,,,,,,0,0,-0.09878345498783458,-0.11809523809523814,0.00108108108108107,-0.39967585089141,0.0,-0.4584795321637427,0.00108108108108107,-0.15433789954337895,0.45,0.9,0.0,1.0,0.6362053959965187,0.016536118363794605,-0.07735488355926312,0.04908962946893865,0.04160881981117715,1.179789037317323,0.07119330453563714,0.2335886214442013,0.0032901316280130907,0.023966241070690314,0.036266499254468454,1.5132326820671445,0.02869469401773798,2439732200.0,1.5177892481047077,1.0510338004683317,0.6924767728989896,0.9569215694136795,0.11177255341898444,0.36324954317463476,13806.8,0,1.7547780879101552e-11,0.0,-0.03662089055347484,-0.08223692361059487,-0.20372055693698987,-0.26173812563389665,-0.035558104523621764,0,0,0.07464281652355892,43.469971401334604,-23.21642681916876,0.7821782178217822,0.09900990099009901,0.1188118811881188,0.0024937655860348684,1,-1,-1.0,0,1,0.05799136069114471,0.0,0.0,1.0,0,1.0,0.10663731184753633,0.026565049977816873,1,-0.10555623076645526,1.8479027711196068,1.5280357989895321,-0.010071761483620696,0.7923724695509102,0.48906650240959637,0.10663731184753633,0.0,0.09878345498783458,0.11809523809523814,21.659187962045266,1.0510338004683317,0.0,0.00108108108108107,-0.3668376068376068,1.0,0.0,8.36,0.0,0.0,0.0,0.0,0.0,0.0,0.0,0.0,0.0,0.0,0.0,0.0,0.0,0.0,0.0,,,,,0.0,0.0,0.0,0.0,0.0,0.01960405351951243,4154.0
2026-04-02,16550.0,16890.0,15410.0,15610.0,42785,-5.679758,338220,뷰노,14001823.0,218568457030.0,,,,,,0,0,-0.07523696682464454,-0.07959905660377353,0.02562417871222067,-0.30156599552572705,0.0,-0.4323636363636364,0.02562417871222067,-0.13756906077348063,0.5,1.0,0.0,1.0,0.6971279373368147,0.04003481288076589,-0.07051998569256901,0.050177890192919364,0.04251421015012853,1.180261611722961,0.05951313260730301,0.17992177314211213,0.002306211345086892,0.01967642173746725,0.03921423871033869,1.992955794176139,0.033246096391613196,667873850.0,0.891187069091212,0.7782416123252662,0.8732640309950616,0.720568631590643,0.07852763172338345,0.17614992567892357,2282.4,0,4.4602315048788914e-11,0.0,-0.02959094865100087,-0.07116506009758417,-0.19047865995954982,-0.2353400755241113,-0.03026456247655867,0,0,0.049215735254927825,40.167865707434046,6.201753619416081,0.6351351351351351,0.22972972972972974,0.13513513513513514,0.0,0,-1,-1.0,0,1,0.040230621396540676,0.0,0.0,1.0,0,1.0,0.10663731184753633,0.026565049977816873,1,-0.08101313313531566,1.8888686539201085,1.6465108444323557,-0.0077323635849387345,0.8356255818043454,0.48906650240959637,0.10663731184753633,0.0,0.07523696682464454,0.07959905660377353,20.647324480015595,0.7782416123252662,0.0,0.02562417871222067,-0.3371549893842888,1.0,0.0,7.71,0.0,6.551057948986149e-05,0.0007700626198885768,0.003729151565638484,-2.540101509645654e-05,0.0,3.422944805175179e-06,-0.0005268738381598035,-0.010323171998371393,2.7028280869025208e-05,0.0,-6.893352429503667e-05,-1.7860710494510632e-05,0.006162632342453132,-1.28936693342818e-05,,6.893352429503667e-05,0.00024318878172877468,-0.006594020432732907,-0.00024318878172877468,0.006594020432732907,1.6272657725685984e-06,0.0,4.16973489685776e-08,0.019404433838869348,2186.0
2026-04-02,99100.0,99300.0,92700.0,94300.0,252293,-4.747475,326030,SK바이오팜,78313250.0,7384939475000.0,,,,,,0,0,-0.04361054766734285,-0.03873598369011211,-0.15652951699463324,-0.2689922480620155,0.0,-0.3081438004402054,0.0,-0.21285475792988318,0.4,0.7272727272727273,0.0,1.0,0.18450826805918188,0.05961705831157528,-0.04870738762656812,0.045974879465230704,0.030382443864347738,1.5132054442526233,0.0591728525980912,0.2923408845738943,0.0089188460310508,0.03465552939443659,0.02875302622572409,0.8296807674892983,0.03203247023065131,23791229900.0,0.8450826415276356,0.9140136710966585,1.081567205598281,0.8180284313701528,0.07049320517281558,0.3001661465527789,-1480.45,1,1.158739270161239e-12,0.0,-0.029435981885549634,-0.0956171477893929,-0.17464114832535882,-0.19757011333955776,-0.033194251274918866,0,0,0.22281789473594418,34.44227005870842,-285.0694391363877,0.7272727272727273,0.030303030303030304,0.24242424242424243,0.0010101010101009056,1,-1,-1.0,0,0,0.04209968186638388,0.0,0.0,1.0,0,1.0,0.10663731184753633,0.026565049977816873,1,-0.2631668288421696,1.7306528504038952,1.2245084791051588,-0.0068398565210921365,0.8468000916700646,0.48906650240959637,0.10663731184753633,0.0,0.04361054766734285,0.03873598369011211,24.093441043959054,0.9140136710966585,0.0,0.0,-0.2689922480620155,1.0,32.11,14.15,0.0,0.0,0.0016068169144265398,0.0036991261610384144,0.0,0.0,0.0,-0.005046017554857655,-0.020662476965594145,0.0,0.0,0.0,0.003466970053167634,0.01691205034770414,0.0,,,-0.0034392006404311156,-0.016963350804555733,0.0034392006404311156,0.016963350804555733,0.0,0.0,0.0,0.019357811830784097,73849.0
2026-04-02,6800.0,6820.0,6260.0,6300.0,112679,-7.079646,240550,동방메디컬,20810260.0,131104638000.0,,,,,,0,0,-0.08827785817655576,-0.01716068642745705,-0.22413793103448276,-0.13580246913580252,0.0,-0.26315789473684215,0.0015898251192367763,-0.22318125770653519,0.3,0.46153846153846156,0.0,1.0,0.06962576153176675,0.21409921671018275,-0.1662809783013608,0.04711279135360367,0.037304952891793225,1.2629098203195448,0.06253968253968253,0.34345047923322686,0.008836701718479705,0.03663839758030801,0.03202792981310281,0.8741629527574322,0.020440720693485754,709877700.0,1.048246952354018,0.7326111401703395,0.6988917435201082,0.647092918466415,0.1478161733683289,0.1948887527732172,-85821.9,0,3.2813748221948216e-11,0.0,-0.04021937842778789,-0.10846953937592863,-0.16791406181209823,-0.17542265042719496,-0.05439582496989161,0,0,0.17335841580653796,35.23573200992557,-47.23190842081817,0.8928571428571429,0.03571428571428571,0.07142857142857142,0.002949852507374562,1,-1,-1.0,0,1,0.04380952380952381,0.0,0.0,1.0,0,1.0,0.10663731184753633,0.026565049977816873,1,-0.3307752428820191,1.773487774084565,1.3625790899884267,-0.00407855833907105,0.7674269172823923,0.48906650240959637,0.10663731184753633,0.0,0.08827785817655576,0.01716068642745705,20.815868641023382,0.7326111401703395,0.0,0.0015898251192367763,-0.26315789473684215,1.0,35.23,1.49,0.0,0.0,0.002694822852864531,0.002585210944285341,0.0,0.0,0.0,-0.0025650315256580455,-0.019336423257447066,0.0,0.0,0.0,-4.933102360608991e-05,0.015768882883111457,0.0,,,0.00012979132720648796,-0.016751212313161724,-0.00012979132720648796,0.016751212313161724,0.0,0.0,0.0,0.019337138284532145,1311.0
2026-04-02,13500.0,13650.0,12760.0,12800.0,35772,-5.465288,263860,지니언스,9079600.0,116218880000.0,,,,,,0,0,-0.025875190258751957,-0.07913669064748197,-0.013867488443759624,-0.3136729222520107,0.0,-0.36790123456790125,0.0,-0.15567282321899734,0.45,0.8181818181818182,0.0,1.0,0.5922541340295909,0.034377719756309835,0.028801068734053747,0.04106057893080756,0.03525603317759808,1.1646397858763569,0.052213637408088244,0.1974921630094044,0.001858538653181709,0.020016407177175084,0.02247254102488613,1.1227060294073055,0.0164268666091832,457881600.0,1.4836258668170808,1.036456484734345,0.6985969360037666,0.9475344802542693,0.0760248248821534,0.5607051336041783,-1058.85,0,7.648191990891476e-11,0.0,-0.027355623100303927,-0.07741098457546491,-0.22434427802409795,-0.2571315226893719,-0.030502078893120437,0,0,0.08199886379443544,29.863481228668945,43.55876949781509,0.7865168539325843,0.16853932584269662,0.0449438202247191,-0.002954209748892156,1,-1,-1.0,0,1,0.04136029411764706,0.0,0.0,1.0,0,1.0,0.10663731184753633,0.026565049977816873,1,-0.12050480029129595,1.5456616481088938,1.3115006401969773,-0.0077566622287821,0.8026316981124735,0.48906650240959637,0.10663731184753633,0.0,0.025875190258751957,0.07913669064748197,19.996013147361175,1.036456484734345,0.0,0.0,-0.3402061855670103,1.0,11.45,2.2,0.0,0.001064697180171777,-0.0029284000225545783,-0.0035562486326877977,0.0003593594371620843,0.0,-1.1013701044098859e-07,-0.0006139530449504315,-0.005143826884220677,3.067562484543338e-05,0.0,-0.001061713580014489,0.003494892587719689,0.009351350080630028,-0.00038708734538888225,,0.0010645870431613361,-0.0035423530675050096,-0.008700075516908476,0.0035423530675050096,0.008700075516908476,0.0003900350620075177,0.0,0.0,0.019096842206860795,1162.0
2026-04-02,35100.0,35300.0,32650.0,33000.0,80430,-6.116643,200670,휴메딕스,11229930.0,370587690000.0,,,,,,0,0,-0.07949790794979084,-0.061166429587482196,-0.017857142857142905,-0.18215613382899631,0.0,-0.2857142857142857,0.0,-0.11528150134048254,0.4,0.6666666666666666,0.0,1.0,0.5809399477806788,0.13751087902523934,-0.09941255944338967,0.0403949079437458,0.040133566261913264,1.0065117981324412,0.055075757575757577,0.17304747320061256,0.004344909797387012,0.018993737192660978,0.0328895026371288,1.731597226155,0.02662046663065551,2654190000.0,1.626583507256225,1.5349397751312277,0.9436587597770587,1.4197976301459831,0.093321062553373,-0.061547174691377306,-13194.35,0,1.5710160705188392e-11,0.0,-0.04125508425334112,-0.07563025210084029,-0.1674900666428406,-0.18074257970240248,-0.04302372336147969,0,0,-0.04835239022858245,39.08450704225351,-38.320697897524724,0.7924528301886793,0.07547169811320754,0.1320754716981132,-0.0014224751066855834,1,-1,-1.0,0,1,0.044678110668209675,0.0,0.0,1.0,0,1.0,0.10663731184753633,0.026565049977816873,1,-0.12449445470467924,1.5206034988632635,1.5365755906178196,-0.0050313964308786215,0.8260901115083424,0.48906650240959637,0.10663731184753633,0.0,0.07949790794979084,0.061166429587482196,21.348891013406273,1.5349397751312277,0.0,0.0,-0.2857142857142857,1.0,9.72,1.67,0.0,0.0,0.0,0.0,0.0,0.0,0.0,0.0,0.0,0.0,0.0,0.0,0.0,0.0,0.0,,,,,0.0,0.0,0.0,0.0,0.0,0.019078729797689035,3706.0
2026-04-02,7390.0,7430.0,7000.0,7020.0,61574,-4.229195,212710,아이에스티이,9410478.0,66061555560.0,,,,,,0,0,-0.11919698870765372,-0.09652509652509655,-0.23529411764705888,-0.14494518879415352,0.0,-0.3529953917050691,0.0,-0.22941822173435789,0.35,0.5384615384615384,0.0,1.0,0.05657093124456049,0.19799825935596171,-0.14493701444767948,0.059996895817851684,0.046742183958290925,1.283570657960446,0.07977207977207977,0.38737446197991393,0.008619210006290363,0.04504268941411566,0.04972415115621679,1.1039338858978973,0.032177506028391,432249480.0,0.95317264973142,0.3814861442230009,0.40022774922307525,0.32561258094914114,0.34303379700797343,0.3389060850722742,-27728.4,0,3.919129971777274e-11,0.0,-0.03172413793103446,-0.12729985082048734,-0.18517372127215048,-0.19020763906690585,-0.059511282590903776,0,0,0.13120443142289948,35.882352941176464,-93.7992870942424,0.8604651162790697,0.09302325581395349,0.046511627906976744,0.008185538881309684,1,-1,-1.0,0,0,0.04786324786324787,0.0,0.0,1.0,0,1.0,0.10663731184753633,0.026565049977816873,1,-0.3419314294945952,2.258489852944077,1.6902607000796352,-0.004412520824062352,0.7597776209538559,0.48906650240959637,0.10663731184753633,0.0,0.11919698870765372,0.09652509652509655,21.00656048659427,0.3814861442230009,0.0,0.0,-0.3529953917050691,1.0,110.14,6.9,0.0,0.0,0.0,0.0,0.0,0.0,0.0,0.0,0.0,0.0,0.0,0.0,0.0,0.0,0.0,,,,,0.0,0.0,0.0,0.0,0.0,0.01901678199305655,661.0
2026-04-02,10200.0,10250.0,9430.0,9510.0,42765,-6.764706,039830,오로라,10762890.0,102355083900.0,,,,,,0,0,-0.05841584158415847,-0.0855769230769231,-0.30022075055187636,-0.3445899379738112,0.0,-0.44346973722680794,0.03033586132177679,-0.2673343605546995,0.35,0.5384615384615384,0.0,1.0,0.0195822454308094,0.025239338555265448,-0.029569687738004613,0.06157736913746899,0.045471192247445474,1.3542061708515756,0.0870136698212408,0.5,0.003974791508708142,0.03988057461243463,0.03809691045130707,0.9552748630514611,0.02342935347744046,406695150.0,0.8724986942612782,0.5588380767815945,0.6405030522764827,0.48690164366067473,0.14220130466817,0.22513552020800945,-35297.75,0,6.812148866324962e-11,0.0,-0.01817055544084245,-0.11312132798657093,-0.2880048913789447,-0.3165428245027402,-0.10664000666500041,0,0,0.21435643025290435,29.06764168190128,8.687443622207411,0.8414634146341463,0.06097560975609756,0.0975609756097561,0.0,0,-1,-1.0,1,0,0.05583596214511041,0.0,0.0,1.0,0,1.0,0.10663731184753633,0.026565049977816873,1,-0.4068580623994127,2.317984313558195,1.70639124158654,-0.008248272508178733,0.8063059167905221,0.48906650240959637,0.10663731184753633,0.0,0.05841584158415847,0.0855769230769231,20.54326758678428,0.5588380767815945,0.0,0.03033586132177679,-0.4147692307692308,0.0,18.83,0.79,0.0,0.0,0.005210663929246455,0.013168316320354232,0.0,0.0,0.0,-0.0034945383589591226,0.012270446717990813,0.0,0.0,0.0,-0.0012733072645926013,-0.01815075361051075,0.0,,,0.0017161255702873332,0.025438763038345046,-0.0017161255702873332,-0.025438763038345046,0.0,0.0,0.0,0.01898725534215094,1024.0
2026-04-02,10260.0,10300.0,9100.0,9200.0,121711,-6.788247,317830,에스피시스템스,10773818.0,99119125600.0,,,,,,0,0,-0.054470709146968166,-0.08730158730158732,0.009879253567508295,-0.32748538011695905,0.0,-0.4091201027617213,0.009879253567508295,-0.15827996340347672,0.5,1.0,0.0,1.0,0.6531766753698869,0.02959094865100087,-0.019748486924745956,0.0538878701568263,0.054119856888979655,0.9957134636806367,0.07394021739130435,0.23956043956043957,0.0029868895518377183,0.0219143675781988,0.048131704979645466,2.1963538216602982,0.02790026740042388,1119741200.0,1.8327816913073463,1.3690660652469187,0.7469880737789052,1.2392662890262707,0.16503109668271732,0.35018989272078255,-474.65,0,4.36877255353978e-11,0.0,-0.030966926479882084,-0.08680331530100749,-0.23940750947295908,-0.2470578484999172,-0.046787775570063396,0,0,0.05882677981677409,35.5,18.22955284176078,0.8833333333333333,0.03333333333333333,0.08333333333333333,0.03951367781155013,1,-1,-1.0,0,1,0.06086956521739131,0.0,0.0,1.0,0,1.0,0.10663731184753633,0.026565049977816873,1,-0.09675805828002804,2.028525080955064,1.9270076118719357,-0.008250484558418914,0.768259673109418,0.48906650240959637,0.10663731184753633,0.0,0.054470709146968166,0.08730158730158732,20.62184392313664,1.3690660652469187,0.0,0.009879253567508295,-0.4091201027617213,0.0,0.0,1.98,0.0,0.0012720687106665945,0.014151363392695963,0.024975569585604537,-0.0004531544275014793,0.0,8.855122012601551e-08,-0.0016262466011725731,-0.029111013388114917,8.133004030265386e-05,0.0,-0.0012480511357834433,-0.012460890525141741,0.007402656235623724,0.0003734342991003984,,0.0012721572618867205,0.012525116791523384,-0.004135443802510372,-0.012525116791523384,0.004135443802510372,-0.0003718243871988252,0.0,0.0,0.01877687888577105,991.0
2026-04-02,8010.0,8180.0,7530.0,7540.0,95299,-5.75,256940,킵스파마,20078147.0,151389228380.0,,,,,,0,0,-0.07371007371007376,-0.04435994930291509,0.14242424242424234,-0.275,0.0,-0.39437751004016064,0.14242424242424234,-0.08606060606060606,0.55,1.2222222222222223,0.0,1.0,0.8607484769364665,0.05483028720626632,-0.10539575178358462,0.05036904117940743,0.04460319136486626,1.1292698938821428,0.07559681697612732,0.2971014492753623,0.002518085212537544,0.026037045268339214,0.03840181411591499,1.474891398779846,0.01668579593363413,718554460.0,1.6465325698963003,0.8560569584776578,0.5199149862741999,0.8220177161432962,0.11088991429338574,-0.1755243294930891,41197.0,0,5.802787671341658e-11,0.0,-0.0387557368689444,-0.04587155963302747,-0.15929532446294503,-0.20212708958422632,0.0009499683343888537,0,0,0.14185789966803458,43.72990353697749,30.55736012625769,0.7230769230769231,0.26153846153846155,0.015384615384615385,0.0012499999999999734,1,-1,-1.0,0,1,0.059018567639257294,0.0,0.0,1.0,0,1.0,0.10663731184753633,0.026565049977816873,1,0.03578693057670601,1.89606423558277,1.6383189487014747,-0.0070181291242967445,0.7925264531627058,0.48906650240959637,0.10663731184753633,0.0,0.07371007371007376,0.04435994930291509,20.588745390226244,0.8560569584776578,0.0,0.14242424242424234,-0.3706176961602671,1.0,134.07,2.96,0.0,-0.0009029930057479311,-0.00440389371825269,0.0018802664890892654,3.9596084763048256e-05,0.0,0.0010454193221028896,0.0025993932705466894,0.0015652982590724728,7.911420089324345e-05,0.0,-0.00011939984547420051,0.0018791818273984585,-0.003357885062497931,-0.00011783906046476303,,0.00014242631635495853,-0.0018045004477059991,0.0034455647481617386,0.0018045004477059991,-0.0034455647481617386,0.00011871028565629165,0.00025700460921873305,1.690722250256274e-05,0.01876878941788794,1514.0
2026-04-02,7280.0,7400.0,6950.0,7010.0,20979,-4.62585,014710,사조씨푸드,17218543.0,120701986430.0,,,,,,0,0,-0.0812581913499345,-0.1182389937106918,-0.22283813747228376,-0.21698131628043005,0.0,-0.2883248730964467,0.05731523378582204,-0.26288117770767616,0.35,0.5833333333333334,0.0,1.0,0.07049608355091384,0.10095735422106179,-0.04100661902289049,0.0540128865163982,0.04070671479125129,1.3268790368710048,0.07960057061340942,0.5564024390243902,0.005180154763643897,0.038011828924023675,0.038883529754247616,1.0229323569767257,0.034050654528885574,147062790.0,0.6246129477896342,0.3304580953491083,0.5290605910724805,0.268544743542718,0.07373980481391486,0.42072400777723096,-27695.2,0,1.3090062752803515e-10,0.0,-0.007644394110985275,-0.13478153542335225,-0.20255897357196273,-0.19898216140978897,-0.06508192937918302,0,0,0.21707321923754272,30.508474576271183,-100.24100815934491,0.6,0.26666666666666666,0.13333333333333333,-0.00952380952380949,1,-1,-1.0,0,0,0.05777460770328103,0.0,0.0,1.0,0,1.0,0.10663731184753633,0.026565049977816873,1,-0.3294754493198201,2.0332311274212405,1.5462575731751103,-0.005161458661655558,0.7947902232714865,0.48906650240959637,0.10663731184753633,0.0,0.0812581913499345,0.1182389937106918,20.121107934526023,0.3304580953491083,0.0,0.05731523378582204,-0.2883248730964467,1.0,11.12,0.55,0.0,-0.00022821815593380632,-0.004246496299557772,0.009527309541191364,0.0001666811837911273,0.0,4.181300127010266e-06,0.0001422312615067852,-0.0001646579888886104,-6.275303049937207e-06,0.0,0.00022403685580679606,0.0041691878853836436,-0.00825906177400657,-0.00016365202310782297,,-0.00022403685580679606,-0.004104265038050984,0.009362651552302753,0.004104265038050984,-0.009362651552302753,0.00016040588074119001,0.0,0.0,0.018723657478181437,1207.0
2026-04-02,7500.0,7520.0,6900.0,6910.0,60313,-6.11413,351330,이삭엔지니어링,8288520.0,57273673200.0,,,,,,0,0,-0.07372654155495983,-0.08597883597883593,0.002902757619738683,-0.17933491686460812,0.0,-0.2941777323799796,0.002902757619738683,-0.13081761006289305,0.55,1.2222222222222223,0.0,1.0,0.6409921671018277,0.1409921671018277,-0.06049902832744658,0.04412373205185523,0.04116322742705741,1.0719211006970708,0.06512301013024602,0.30579710144927535,0.0019566403051311672,0.022797188529710213,0.03289774045338871,1.443061297252293,0.018869560615182628,416762830.0,1.6679295583013463,0.9244441310833668,0.5542465066839152,0.8337548725545432,0.15742846732589172,0.38646383575608306,28343.25,0,9.850749451221613e-11,0.0,-0.036262203626220346,-0.07743658210947935,-0.17205847112389172,-0.1802468765016818,-0.025627683101339924,0,0,-0.06818497728963667,39.285714285714285,-17.571099975691936,0.9516129032258065,0.03225806451612903,0.016129032258064516,0.01902173913043481,1,-1,-1.0,0,1,0.06975397973950796,0.0,0.0,1.0,0,1.0,0.10663731184753633,0.026565049977816873,1,-0.10373455422779765,1.6609692844056654,1.5301097007626971,-0.004928475827980006,0.8020369864008713,0.48906650240959637,0.10663731184753633,0.0,0.07372654155495983,0.08597883597883593,20.029843704590686,0.9244441310833668,0.0,0.002902757619738683,-0.2941777323799796,1.0,0.0,1.55,0.0,0.0,-0.0011366432496726546,-0.016991722152558196,0.0,0.0,0.0,-0.0022541504008711175,-0.0015403947166169577,0.0,0.0,0.0,0.0033436566695061367,0.019646125134471438,0.0,,,-0.003390793650543772,-0.018532116869175157,0.003390793650543772,0.018532116869175157,0.0,9.842652106077478e-06,0.0,0.01866360766121538,573.0
2026-04-02,3905.0,3950.0,3695.0,3755.0,362149,-3.841229,256840,한국비엔씨,68394886.0,256822796930.0,,,,,,0,0,-0.03841229193341866,-0.03221649484536082,0.010767160161507361,-0.1618303571428571,0.0,-0.3592150170648464,0.021768707482993088,-0.08637469586374691,0.45,0.8181818181818182,0.0,1.0,0.6557876414273281,0.17145343777197564,-0.044855590902490805,0.040579288451438524,0.037608595856895424,1.0789897236750579,0.04980026631158455,0.13760217983651227,0.0021818502839856613,0.017957220956308313,0.032309359548724444,1.7992405187493263,0.018832834509683836,1359869495.0,1.1483851532399993,0.7951203211491392,0.6923812267215615,0.7562459698874613,0.13318668299264363,0.27953927322536487,-38750.5,0,1.7559349300589484e-11,0.0,-0.013918067226890707,-0.045561415771748104,-0.16150281918159992,-0.19189016167917505,-0.0348359398957375,0,0,0.12850166111043348,40.51446945337621,11.145527065936534,0.5882352941176471,0.17647058823529413,0.23529411764705882,0.0,0,-1,-1.0,0,1,0.03914780292942743,0.0,0.0,1.0,0,1.0,0.10663731184753633,0.026565049977816873,1,-0.09587015168602897,1.5275442163791986,1.4184338566377568,-0.0045372391283376055,0.8137728874832522,0.48906650240959637,0.10663731184753633,0.0,0.03841229193341866,0.03221649484536082,21.310043171812968,0.7951203211491392,0.0,0.021768707482993088,-0.2666015625,1.0,20.1,1.18,0.0,0.00023370256111754882,0.0074605567257853755,0.0016097490799478597,-0.000326287324065759,0.0,1.357192582037204e-06,-0.0002363631160108362,0.002831907854677897,1.2089594316949252e-05,0.0,-0.00023510976005239272,-0.007185913340984227,-0.004718727011196593,0.0003122737150387328,,0.00023505975369958603,0.007224193609774539,0.004441656934625761,-0.007224193609774539,-0.004441656934625761,-0.0003141977297488098,0.0,0.0,0.01863221655025603,2568.0
2026-04-02,8080.0,8220.0,7710.0,7780.0,104391,-3.831891,323990,박셀바이오,23257345.0,180942144100.0,,,,,,0,0,-0.017676767676767624,-0.031133250311332517,0.011703511053315907,-0.22122122122122123,0.0,-0.2927272727272727,0.019659239842725995,-0.07600950118764849,0.5,1.0,0.0,1.0,0.6588337684943429,0.09704090513489991,-0.003978137539781268,0.03590962251780222,0.03641051307620365,0.9862432436106264,0.04858611825192802,0.12614980289093297,0.0027151012141368998,0.01854395939475021,0.029761292103580195,1.6049049434397278,0.018869006052968415,812161980.0,1.1497186030375453,0.8741163880808476,0.7602872440016546,0.8413898704252761,0.10269839485117498,0.2850335007834352,6120.0,0,2.686688896161376e-11,0.0,-0.009674134419551894,-0.0341402855369336,-0.13939639755904198,-0.16909557928890084,-0.03086085544125609,0,0,0.195239468110621,40.663900414937764,33.395677156253896,0.5882352941176471,0.27450980392156865,0.13725490196078433,-0.0012360939431397266,1,-1,-1.0,0,1,0.042030848329048846,0.0,0.0,1.0,0,1.0,0.10663731184753633,0.026565049977816873,1,-0.09493380079422042,1.3517619032446213,1.4231297284134345,-0.005802178249749898,0.8433326966806847,0.48906650240959637,0.10663731184753633,0.0,0.017676767676767624,0.031133250311332517,20.687910508877312,0.8741163880808476,0.0,0.019659239842725995,-0.29143897996357016,1.0,0.0,2.61,0.0,0.0,-0.0022840206162105673,0.0020748670733411255,0.0,0.0,0.0,-0.00044401656246946796,1.7095589864841865e-05,0.0,0.0,0.0,0.002730091105822087,-0.001616994579760572,0.0,,,-0.0027280371786800356,0.002091962663205972,0.0027280371786800356,-0.002091962663205972,0.0,3.192761327453854e-05,0.0,0.018558817107764795,1809.0
2026-04-02,10920.0,11060.0,10160.0,10260.0,102861,-5.87156,019170,신풍제약,52984990.0,543625997400.0,,,,,,0,0,-0.06557377049180324,-0.07567567567567568,-0.18441971383147848,-0.2894736842105263,0.0,-0.3311603650586702,0.010837438423645374,-0.19402985074626866,0.45,0.9,0.0,1.0,0.13011314186248912,0.04612706701479547,-0.05476295968099243,0.04408497186161707,0.02867836078082054,1.537220770689939,0.058723196881091615,0.33505154639175255,0.010592874867630912,0.030392423197446807,0.03150982181732461,1.0367656969178973,0.029195188950569596,1055353860.0,1.2807643172519245,0.6665683823755745,0.5204457786626964,0.5919214914819237,0.05824828880783029,0.3604600108246503,-15326.1,0,2.1987366758385637e-11,0.0,-0.037342841058359943,-0.09786336059087308,-0.18728381696723262,-0.20579453721110252,-0.043642785065590314,0,0,0.18191192079859114,34.74714518760196,-29.433080443323433,0.7333333333333333,0.15555555555555556,0.1111111111111111,0.0018348623853210455,1,-1,-1.0,0,1,0.04541910331384016,0.0,0.0,1.0,0,1.0,0.10663731184753633,0.026565049977816873,1,-0.2910570256790148,1.6595102173129805,1.2350565160765836,-0.006797208963370676,0.9010922162060693,0.48906650240959637,0.10663731184753633,0.0,0.06557377049180324,0.07567567567567568,21.301523229151822,0.6665683823755745,0.0,0.010837438423645374,-0.2967786154900617,1.0,0.0,2.19,0.0,0.00060222312944453,0.0008076555926059274,0.011521199832055748,8.006184625860963e-05,0.0,1.420200702807809e-06,-0.00018013481120342603,-0.0012955289806703722,9.290780700732864e-06,0.0,-0.0006036433301473378,-0.0007333563020996159,-0.010264414178008278,-8.406085092448678e-05,,0.0006036433301473378,0.0006275207814024997,0.010225670851385375,-0.0006275207814024997,-0.010225670851385375,8.935262695934258e-05,0.0,0.0,0.01848788390293242,5436.0
2026-04-02,48650.0,48900.0,45100.0,45400.0,1527044,-5.711319,035720,카카오,442495220.0,20089282988000.0,,,,,,0,0,-0.09920634920634919,-0.11203871934138798,-0.20795091236525853,-0.21479072041856928,0.0,-0.2874041397807203,0.0,-0.27024692143268547,0.45,0.8181818181818182,0.0,1.0,0.09007832898172324,0.10356832027850305,-0.08496072244850883,0.05747116909166166,0.038565903676301486,1.4902067270104538,0.06852624313626698,0.4281540084311927,0.016187462349971052,0.04755691692789089,0.031186196462667383,0.6557657324581,0.034787999429286225,69327797600.0,1.1183397900276846,0.5081740197944218,0.4544003748465767,0.4205895169472998,0.1358189925757842,0.4830472059569486,208612.35,0,3.165039791767822e-13,0.0,-0.03445342407486174,-0.14208631779847614,-0.20422265379625903,-0.2100476285153895,-0.04973443905911889,0,0,0.14086205918902303,29.220760276272685,-674.7639548509137,0.8552631578947368,0.06578947368421052,0.07894736842105263,0.010384215991692702,1,-1,-1.0,0,1,0.04602322226970874,0.0,0.0,1.0,0,1.0,0.10663731184753633,0.026565049977816873,1,-0.31458822421279486,2.1634127976289492,1.498469209168396,-0.005115024187698445,0.812982209531802,0.48906650240959637,0.10663731184753633,0.0,0.09920634920634919,0.11203871934138798,25.828209722558082,0.5081740197944218,0.0,0.0,-0.2874041397807203,1.0,403.97,2.2,0.0,0.0004924539234440648,-0.002539844943329357,0.0006272530593500725,0.00022548303185528082,0.0,-0.000582222420916256,-0.00027821481469380085,-0.008738853938248286,-0.00010253374344856117,0.0,8.614483635437071e-05,0.0029145905928974324,0.008389901658443506,-0.00012850056237399747,,-8.976849747219127e-05,-0.0028180597580231594,-0.008111600878898215,0.0028180597580231594,0.008111600878898215,0.00012294928840671972,0.0,0.0,0.01843426388928087,200893.0
2026-04-02,63000.0,63000.0,55900.0,56900.0,70980,-5.008347,090360,로보스타,9750000.0,554775000000.0,,,,,,0,0,-0.04530201342281881,-0.16446402349486045,-0.2905236907730673,-0.25328083989501315,0.0,-0.3740374037403741,0.016071428571428514,-0.2086230876216968,0.4,0.6666666666666666,0.0,1.0,0.023933855526544822,0.07006092254134029,0.07951443297953065,0.07363253377055703,0.0544809777324943,1.3515273924065445,0.09253075571177505,0.42342342342342343,0.007038389355924564,0.04807585226585636,0.050795164491515984,1.0565629541130546,0.04887622179633434,4038762000.0,1.4986824769433467,0.987324604871942,0.6587950550310364,0.8713719454040685,0.14746923076923077,0.26408707651909424,-18721.25,0,1.2424138149718809e-11,0.0,-0.016591773245765662,-0.1061189223156076,-0.24135019221795073,-0.24607230740109776,-0.07437836265813581,0,0,0.1656844311877836,30.124223602484477,-335.56638698950246,0.8591549295774648,0.0,0.14084507042253522,0.05175292153589317,1,-1,-1.0,0,1,0.05553602811950791,0.0,0.0,2.0,0,2.0,0.10663731184753633,0.026565049977816873,1,-0.3971610026206036,2.771782241405299,2.0169306087637504,-0.006048594776928709,0.7954330626913318,0.48906650240959637,0.10663731184753633,0.0,0.04530201342281881,0.16446402349486045,22.2568904072019,0.987324604871942,0.0,0.016071428571428514,-0.3740374037403741,1.0,307.93,7.41,0.0,0.00038801443113000903,0.017259061942513435,0.02371801304070222,-0.0007853502108996699,0.0,7.568526392646996e-05,0.0003673105686050182,0.033163559990233675,-3.2284756449569184e-06,0.0,-0.00046216449770218615,-0.017249164393338526,-0.05610750161178234,0.0007700253201264891,,0.000463699695056479,0.017626372511118454,0.0568815730309359,-0.017626372511118454,-0.0568815730309359,-0.0007885786865446269,0.0,0.0,0.018178699709321275,5548.0
2026-04-02,28150.0,28200.0,26050.0,26900.0,75193,-3.584229,058970,엠로,12359538.0,332471572200.0,,,,,,0,0,-0.03928571428571426,-0.143312101910828,-0.34068627450980393,-0.26603001364256484,0.0,-0.36556603773584906,0.0,-0.31113956466069137,0.35,0.5384615384615384,0.0,1.0,0.009573542210617928,0.06135770234986945,0.06899454049135578,0.04895495696429207,0.03764752776889657,1.3003498467364811,0.08327137546468401,0.6046065259117083,0.004331917125422177,0.03813509790483646,0.02154022886987636,0.5648400044397036,0.0287313578769485,2022691700.0,1.5028801221603514,1.0414607847278825,0.6929766182753216,0.8643171326619753,0.11683211783482522,0.651502395700747,-28091.85,0,1.8971775563039164e-11,0.0,-0.022529069767441845,-0.13823482300176193,-0.25462396379338204,-0.2606592778997341,-0.09652677279305355,0,0,0.19887955989028902,18.07692307692308,-269.850663766249,0.5813953488372093,0.023255813953488372,0.3953488372093023,0.008960573476702427,1,-1,-1.0,0,0,0.04851301115241636,0.0,0.0,1.0,0,1.0,0.10663731184753633,0.026565049977816873,1,-0.44732358635734026,1.8428332340865865,1.3915134183361082,-0.006267704930319765,0.7941609184914709,0.48906650240959637,0.10663731184753633,0.0,0.03928571428571426,0.143312101910828,21.573510512349074,1.0414607847278825,0.0,0.0,-0.36556603773584906,1.0,20.78,4.6,0.0,0.0,0.0,0.0,0.0,0.0,0.0,0.0,0.0,0.0,0.0,0.0,0.0,0.0,0.0,,,,,0.0,0.0,0.0,0.0,0.0,0.018101746387625947,3325.0
2026-04-02,22250.0,22350.0,20700.0,21000.0,80145,-4.977376,304100,솔트룩스,12593855.0,264470955000.0,,,,,,0,0,-0.08096280087527352,-0.11016949152542377,0.08080288214101894,-0.2120075046904315,0.0,-0.35185185185185186,0.08080288214101894,-0.1497975708502024,0.4,0.7272727272727273,0.0,1.0,0.7963446475195822,0.10574412532637076,-0.04918313985832434,0.05896516504989189,0.048662697899188784,1.211711795594359,0.08373809523809524,0.2835820895522388,0.00585611657329048,0.024381641416958044,0.059899020292777425,2.4567263240577457,0.03282477926996805,1683045000.0,1.2966684140019802,0.6792259984778964,0.5238239716054802,0.6221147151967339,0.1873844029488985,0.4801396522147938,-393.35,0,1.6501549733135483e-11,0.0,-0.0389016018306636,-0.06437959456449094,-0.18183412011454325,-0.2099172294240349,-0.02609940771917645,0,0,0.20086287758242444,48.97119341563786,16.648326960148324,0.7575757575757576,0.06060606060606061,0.18181818181818182,0.006787330316742057,1,-1,-1.0,0,0,0.065,0.0,0.0,1.0,0,1.0,0.10663731184753633,0.026565049977816873,1,-0.025834429706517392,2.2196519524386633,1.7911466521347064,-0.005695023067664428,0.7941749954928595,0.48906650240959637,0.10663731184753633,0.0,0.08096280087527352,0.11016949152542377,21.718501263806438,0.6792259984778964,0.0,0.08080288214101894,-0.35185185185185186,1.0,0.0,3.59,0.0,0.0,0.0,0.0,0.0,0.0,0.0,0.0,0.0,0.0,0.0,0.0,0.0,0.0,0.0,,,,,0.0,0.0,0.0,0.0,0.0,0.018054498530770555,2645.0
2026-04-02,28150.0,28700.0,25800.0,26250.0,79913,-6.08229,138610,나이벡,11364970.0,298330462500.0,,,,,,0,0,-0.08056042031523647,-0.11317567567567566,-0.003795066413662229,-0.3009320905459387,0.0,-0.4980879541108987,0.0,-0.15048543689320393,0.6,1.5,0.0,1.0,0.6218450826805918,0.040905134899912966,-0.04508744734226344,0.0493765775150428,0.04162041607034923,1.1863547310911948,0.0700952380952381,0.20736434108527133,0.0026228391006630322,0.025021358213671914,0.0318169578046619,1.2715919548794439,0.032340475066035636,2097716250.0,1.6909010888562566,1.5431927112903165,0.9126451697622054,1.4026950932145505,0.09112949704222713,-0.007540112517019797,7874.3,0,2.5808269656530262e-11,0.0,-0.04266958424507661,-0.0911451571020514,-0.18971061093247588,-0.24746888267953704,-0.025063291139240506,0,0,-0.040866034083125176,38.60759493670886,-98.20414333264694,0.6551724137931034,0.1896551724137931,0.15517241379310345,0.007155635062611854,1,-1,-1.0,0,1,0.05733333333333333,0.0,0.0,2.0,0,2.0,0.10663731184753633,0.026565049977816873,1,-0.11043237826119856,1.8587044841351579,1.52469867767012,-0.007554328284888128,0.7904216962624466,0.48906650240959637,0.10663731184753633,0.0,0.08056042031523647,0.11317567567567566,21.125719637950322,1.5431927112903165,0.0,0.0,-0.3379571248423707,1.0,0.0,10.02,0.0,0.0007212060673733769,0.01100343828707603,0.03918957212172128,-0.0004059307008791262,0.0,-5.632053357278439e-05,-0.005799494944940979,-0.030522896972606288,0.0002787106405324921,0.0,-0.0006802110857983005,-0.005274878047982826,-0.0100138769150196,0.00012770168523948118,,0.0006648855338005925,0.00520394334213505,0.008666675149114988,-0.00520394334213505,-0.008666675149114988,-0.000127220060346634,0.0,0.0,0.018046243287469163,2983.0
2026-04-02,10920.0,11040.0,10190.0,10300.0,126615,-5.936073,053080,케이엔솔,12999807.0,133898012100.0,,,,,,0,0,-0.06702898550724634,-0.13951545530492904,-0.3183322303110523,-0.0811775200713648,0.0,-0.3183322303110523,0.0,-0.2470760233918129,0.4,0.6666666666666666,0.0,1.0,0.014795474325500435,0.32419495213228894,0.01066525008172614,0.06037426745206662,0.040893724156497994,1.4763699980226228,0.08043689320388349,0.4661432777232581,0.006535714060816218,0.04100816726995242,0.031276864876251684,0.7626984320064683,0.04059224550418395,1304134500.0,1.358387208212012,0.6988066778355785,0.5144385000175232,0.5851740922825244,0.2787540615026054,0.5093856592165489,-48234.85,0,2.600071393651931e-11,0.0,-0.028301886792452824,-0.13710049009341096,-0.17346529356693852,-0.15264515256332534,-0.06775226491721337,0,0,0.14700252781808648,26.77419354838709,-189.4874265440841,0.7294117647058823,0.1411764705882353,0.12941176470588237,-0.002739726027397249,1,-1,-1.0,0,1,0.05077669902912622,0.0,0.0,2.0,0,2.0,0.10663731184753633,0.026565049977816873,1,-0.4249695421585886,2.272695421332996,1.4592081575882987,-0.002498331999076967,0.7666871080097022,0.48906650240959637,0.10663731184753633,0.0,0.06702898550724634,0.13951545530492904,21.52465132212951,0.6988066778355785,0.0,0.0,-0.3183322303110523,1.0,12.87,0.94,0.0,-0.00021594985844647398,0.004198216266250377,-0.00015377984793254215,-0.00025310078500181363,0.0,7.571337476466068e-08,-0.0005693004048524241,-0.00024161462100494017,2.8480162917574137e-05,0.0,0.00021242060377141384,-0.0033447529015407703,0.001316295319567605,0.00020972176583132127,,-0.00021587414507170933,0.0036289158613979516,-0.0003953944689374858,-0.0036289158613979516,0.0003953944689374858,-0.00022462062208423946,0.0,0.0,0.018004089765096917,1339.0
2026-04-02,14400.0,14400.0,13520.0,13600.0,56328,-4.022583,282880,코윈테크,11469370.0,155983432000.0,,,,,,0,0,-0.03614457831325302,-0.07482993197278909,0.01720269259536278,-0.15159076731129129,0.0,-0.3267326732673267,0.02025506376594155,-0.11285061969993482,0.5,1.0,0.0,1.0,0.6762402088772846,0.18842471714534378,0.00399147610851569,0.041402774111966585,0.047609873421164274,0.869625796853339,0.05841911764705882,0.22406015037593985,0.002403396050140866,0.022823737068653788,0.03106349881614583,1.361017204268821,0.025179727278323998,766060800.0,1.2272269742432231,0.9168617895309971,0.7471004213351694,0.8553536631025576,0.1071299469805229,0.2507634297157307,12724.85,0,3.8094553399290886e-11,0.0,-0.01449275362318836,-0.06274766548361532,-0.16493547693850608,-0.15835717416780448,-0.035526753074111,0,0,0.08837177860604054,36.7504835589942,-17.078202417888633,0.9090909090909091,0.0,0.09090909090909091,0.016231474947071334,1,-1,-1.0,0,1,0.048161764705882355,0.0,0.0,1.0,0,1.0,0.10663731184753633,0.026565049977816873,1,-0.08943461925217355,1.5585430536189446,1.5487688394245067,-0.004150501299095966,0.7018928556383421,0.48906650240959637,0.10663731184753633,0.0,0.03614457831325302,0.07482993197278909,20.613012353555305,0.9168617895309971,0.0,0.02025506376594155,-0.3267326732673267,1.0,10.68,0.98,0.0,0.0,0.0,0.0,0.0,0.0,0.0,0.0,0.0,0.0,0.0,0.0,0.0,0.0,0.0,,,,,0.0,0.0,0.0,0.0,0.0,0.01795484142735125,1560.0
2026-04-02,11770.0,11960.0,10990.0,11170.0,217170,-5.89722,053030,바이넥스,32684188.0,365082379960.0,,,,,,0,0,-0.061344537815126055,-0.14076923076923076,-0.2970421648835746,-0.26270627062706275,0.0,-0.3189024390243902,0.0,-0.25731382978723405,0.4,0.6666666666666666,0.0,1.0,0.020452567449956483,0.06483899042645778,0.023270846800258593,0.05278792950008822,0.03932621824507917,1.3423088172657816,0.0779319606087735,0.48043676069153773,0.00498320690367983,0.038272569813915726,0.025172513339937072,0.6577168312012449,0.027682429685199968,2425788900.0,1.3254244446424583,0.7606345941811121,0.5738800104794342,0.6606242512050063,0.17470931203797996,0.6800524767411535,-59294.0,0,1.2561667791919495e-11,0.0,-0.027850304612706656,-0.10999561770447397,-0.20947404427983352,-0.2245433398849559,-0.06808984592537591,0,0,0.16120393021460636,30.42735042735042,-71.81084188048885,0.6185567010309279,0.1958762886597938,0.18556701030927836,-0.008424599831508006,1,-1,-1.0,0,1,0.04619516562220233,0.0,0.0,1.0,0,1.0,0.10663731184753633,0.026565049977816873,1,-0.40367947673111093,1.9871195252472231,1.410469618785169,-0.006158005952345489,0.7706179588585675,0.48906650240959637,0.10663731184753633,0.0,0.061344537815126055,0.14076923076923076,22.02399268411367,0.7606345941811121,0.0,0.0,-0.3189024390243902,1.0,0.0,2.38,0.0,1.582717864349034e-05,-0.013838418505391161,-0.007825322531574396,0.0006950863609982562,0.0,-0.00028376756610630017,-0.011697988821529781,0.034069340112531335,0.000528145927855229,0.0,0.00026769562078847784,0.025457940711858956,-0.02617133228433867,-0.001219357911435252,,-0.0002679403874628098,-0.025536407326920946,0.026244017580956933,0.025536407326920946,-0.026244017580956933,0.0012232322888534855,0.0,0.0,0.0178457937984121,3651.0
