구분,티커,종목명,현재가,신호가,신호일,매도예정,모멘텀(%),패턴,상태,오늘고가,손절가,익절가,손익률(%)
매수,174900.KS,앱클론,65400.0,65700.0,2026-03-06,2026-04-26,534.95,Rect Bottom,,0.0,44054.818492651706,103488.21134353941,-0.46
매수,042520.KS,한스바이오메드,46350.0,50700.0,2026-03-18,2026-05-08,433.99,Rect Bottom,,0.0,38965.978072708436,91534.12752497876,-8.58
매수,240810.KS,원익IPS,130000.0,133400.0,2026-03-24,2026-05-14,386.51,Triple Bottom,,0.0,98723.50414689936,231909.2260800768,-2.55
매수,099320.KS,쎄트렉아이,184000.0,192100.0,2026-03-12,2026-05-02,288.53,Rect Bottom,,0.0,,,-4.22
매수,089970.KS,브이엠,48150.0,43400.0,2026-03-18,2026-05-08,280.93,Rect Bottom,,0.0,32713.97412820671,76847.6816907471,10.94
매수,295310.KS,에이치브이엠,100750.0,92000.0,2026-03-10,2026-04-30,272.46,Rect Bottom,,0.0,67972.36846638506,159672.4052907745,9.51
매수,084370.KS,유진테크,137100.0,137700.0,2026-03-05,2026-04-25,250.64,Rect Bottom,,0.0,106865.64881880858,251035.76018977384,-0.44
매수,086520.KS,에코프로,151100.0,136250.0,2026-03-19,2026-05-09,236.15,Inv H&S,,0.0,,,10.9
매수,100790.KS,미래에셋벤처투자,22900.0,23850.0,2026-03-18,2026-05-08,222.79,Rect Bottom,,0.0,16829.522245955228,39533.86291423989,-3.98
매수,131290.KS,티에스이,121000.0,113411.05078125,2026-03-17,2026-05-07,206.14,Inv H&S,,0.0,85710.61221590158,201340.9260297574,6.69
매수,066970.KS,엘앤에프,144400.0,136700.0,2026-03-25,2026-05-15,191.72,Triple Bottom,,0.0,104975.50809140109,246595.67191430845,5.63
매수,005935.KS,삼성전자우,136900.0,148700.0,2026-03-18,2026-05-08,173.85,Triple Bottom,,0.0,,,-7.94
매수,222800.KS,심텍,63600.0,59400.0,2026-03-19,2026-05-09,172.34,Inv H&S,,0.0,44127.51621293661,103658.98396951886,7.07
매수,298380.KS,에이비엘바이오,172500.0,183825.0,2026-03-18,2026-05-08,163.36,Inv H&S,,0.0,138125.66854131722,324467.9893609322,-6.16
매수,310210.KS,보로노이,304000.0,334500.0,2026-03-13,2026-05-03,162.98,Rect Bottom,,0.0,256622.95260571042,602827.369707416,-9.12
매수,053610.KS,프로텍,61700.0,59100.0,2026-03-25,2026-05-15,154.88,Rect Bottom,,0.0,44854.49341578565,105366.71022931323,4.4
매수,033240.KS,자화전자,38650.0,44250.0,2026-03-11,2026-05-01,151.46,Rect Bottom,,0.0,31805.25262464541,74713.02386600412,-12.66
매수,083650.KS,비에이치아이,104900.0,93500.0,2026-03-09,2026-04-29,147.11,Triple Bottom,,0.0,76914.18806142821,180677.4382862454,12.19
매수,166090.KS,하나머티리얼즈,63300.0,64000.0,2026-03-05,2026-04-25,147.07,Rect Bottom,,0.0,48852.86803145536,114759.20465818232,-1.09
매수,003160.KS,디아이,38450.0,36600.0,2026-03-18,2026-05-08,146.4,Rect Bottom,,0.0,,,5.05
매수,007660.KS,이수페타시스,121700.0,127600.0,2026-03-19,2026-05-09,141.95,Rect Bottom,,0.0,,,-4.62
매수,105840.KS,우진,27200.0,28250.0,2026-03-20,2026-05-10,139.23,Rect Bottom,,0.0,,,-3.72
매수,178320.KS,서진시스템,50100.0,46650.0,2026-03-20,2026-05-10,136.88,Rect Bottom,,0.0,33804.439932480265,79409.27108043866,7.4
매수,064760.KS,티씨케이,242750.0,236500.0,2026-03-16,2026-05-06,136.4,Triple Bottom,,0.0,181744.3007122595,426931.56494859495,2.64
매수,101490.KS,에스앤에스텍,94600.0,94900.0,2026-03-03,2026-04-23,136.04,Triple Bottom,,0.0,67536.18214467564,158647.7695348979,-0.32
매수,237690.KS,에스티팜,157300.0,160600.0,2026-03-09,2026-04-29,102.45,Rect Bottom,,0.0,123949.61308576098,291167.32729494176,-2.05
매수,000720.KS,현대건설,158700.0,164700.0,2026-03-18,2026-05-08,101.4,Rect Bottom,,0.0,,,-3.64
매수,047810.KS,한국항공우주,177600.0,197600.0,2026-03-17,2026-05-07,94.74,Triple Bottom,,0.0,,,-10.12
매수,253590.KS,네오셈,18220.0,18770.0,2026-03-11,2026-05-01,93.01,Rect Bottom,,0.0,14343.26021221152,33693.43910574311,-2.93
매수,039200.KS,오스코텍,52900.0,56600.0,2026-03-16,2026-05-06,84.64,Triple Bottom,,0.0,42673.56180723853,100243.5314499301,-6.54
매수후보,160980.KS,싸이맥스,24150.0,24000.0,2026-03-25,2026-05-15,84.49,Rect Bottom,,0.0,17556.49944880427,41241.58917403427,0.62
매수후보,281820.KS,케이씨텍,49550.0,51000.0,2026-03-18,2026-05-08,83.56,Rect Bottom,,0.0,,,-2.84
매수후보,267270.KS,HD현대건설기계,137900.0,127920.0,2026-03-20,2026-05-10,81.44,Inv H&S,,0.0,,,7.8
매수후보,033640.KS,네패스,20950.0,19490.0,2026-03-20,2026-05-10,81.23,Rect Bottom,,0.0,14721.28835769302,34581.45676083619,7.49
매수후보,051370.KS,인터플렉스,14590.0,13570.0,2026-03-20,2026-05-10,74.94,Rect Bottom,,0.0,9741.494518177109,22883.53188124469,7.52
매도,047050.KS,포스코인터내셔널,74100.0,77900.0,2026-03-25,,55.94,H&S,,0.0,,,-4.88
매도,090430.KS,아모레퍼시픽,137200.0,214771.4285714291,2026-03-25,,4.57,H&S,,0.0,,,-36.12
매도,229640.KS,LS에코에너지,44500.0,46420.0,2026-03-25,,31.03,H&S,,0.0,,,-4.14
매도,033500.KS,동성화인텍,24600.0,24800.0,2026-03-25,,-3.55,Triple Top,,0.0,,,-0.81
매도,094800.KS,맵스리얼티1,6750.0,6816.0,2026-03-25,,64.4,H&S,,0.0,,,-0.97
매도,005810.KS,풍산홀딩스,36450.0,36500.0,2026-03-25,,-19.98,Triple Top,,0.0,,,-0.14
매도,015860.KS,일진홀딩스,7310.0,7832.352941176476,2026-03-25,,41.94,H&S,,0.0,,,-6.67
매도,033920.KS,무학,8990.0,9148.510602678572,2026-03-25,,21.99,H&S,,0.0,,,-1.73
매도,029780.KS,삼성카드,56000.0,57300.0,2026-03-24,,13.13,Rect Top,,0.0,,,-2.27
매도,012030.KS,DB,1766.0,1730.818181818182,2026-03-24,,23.67,H&S,,0.0,,,2.03
매도,329180.KS,HD현대중공업,515000.0,511000.0,2026-03-23,,22.91,Rect Top,,0.0,,,0.78
매도,068270.KS,셀트리온,202500.0,193355.55555555562,2026-03-23,,27.17,H&S,,0.0,,,4.73
매도,042700.KS,한미반도체,298500.0,326125.0,2026-03-23,,190.99,H&S,,0.0,,,-8.47
매도,096770.KS,SK이노베이션,112000.0,109000.0,2026-03-23,,14.52,Rect Top,,0.0,,,2.75
매도,003550.KS,LG,88400.0,87900.0,2026-03-23,,12.36,Triple Top,,0.0,,,0.57
매도,352820.KS,하이브,304500.0,302143.4821428573,2026-03-23,,-0.35,H&S,,0.0,,,0.78
매도,039490.KS,키움증권,429500.0,564000.0,2026-03-23,,95.5,H&S,,0.0,,,-23.85
매도,000880.KS,한화,119500.0,113392.85714285714,2026-03-23,,26.59,H&S,,0.0,,,5.39
매도,214370.KS,케어젠,91000.0,106500.0,2026-03-23,,179.14,Rect Top,,0.0,,,-14.55
매도,111770.KS,영원무역,81000.0,80200.0,2026-03-23,,31.06,Triple Top,,0.0,,,1.0
매도,068760.KS,셀트리온제약,59100.0,57554.7890625,2026-03-23,,21.82,Triple Top,,0.0,,,2.68
매도,000155.KS,두산우,514000.0,489285.7142857136,2026-03-23,,30.62,H&S,,0.0,,,5.05
매도,069960.KS,현대백화점,86100.0,84400.0,2026-03-23,,14.85,Triple Top,,0.0,,,2.01
매도,280360.KS,롯데웰푸드,114000.0,109325.0,2026-03-23,,-1.3,H&S,,0.0,,,4.28
매도,00088K.KS,한화3우B,47700.0,45100.0,2026-03-23,,21.68,Rect Top,,0.0,,,5.76
매도,358570.KS,지아이이노베이션,13420.0,13020.0,2026-03-23,,-38.3,Triple Top,,0.0,,,3.07
매도,102710.KS,이엔에프테크놀로지,54700.0,51100.0,2026-03-23,,41.8,Triple Top,,0.0,,,7.05
매도,214320.KS,이노션,18300.0,18590.0,2026-03-23,,-8.73,H&S,,0.0,,,-1.56
매도,000640.KS,동아쏘시오홀딩스,99800.0,100750.4560546875,2026-03-23,,-6.34,H&S,,0.0,,,-0.94
매도,093320.KS,케이아이엔엑스,107300.0,99400.0,2026-03-23,,10.05,Rect Top,,0.0,,,7.95
매도,101730.KS,위메이드맥스,5050.0,5000.0,2026-03-23,,-37.42,Rect Top,,0.0,,,1.0
매도,206640.KS,바디텍메드,12020.0,11340.0,2026-03-23,,-14.63,Triple Top,,0.0,,,6.0
매도,081660.KS,미스토홀딩스,42150.0,47000.0,2026-03-19,,22.69,Rect Top,,0.0,,,-10.32
매도,290650.KS,엘앤씨바이오,73200.0,75800.0,2026-03-19,,163.05,Rect Top,,0.0,,,-3.43
매도,009160.KS,SIMPAC,4765.0,4800.0,2026-03-19,,-51.53,Triple Top,,0.0,,,-0.73
매도,003350.KS,한국화장품제조,45000.0,45200.0,2026-03-19,,-17.98,Triple Top,,0.0,,,-0.44
매도,032620.KS,유비케어,4020.0,4886.666666666657,2026-03-18,,3.47,H&S,,0.0,,,-17.74
매도,082270.KS,젬백스,41350.0,38000.0,2026-03-16,,-32.76,Triple Top,,0.0,,,8.82
매도,051910.KS,LG화학,315750.0,300000.0,2026-03-13,,51.08,Rect Top,,0.0,,,5.25
매도,064350.KS,현대로템,186400.0,200000.0,2026-03-13,,-7.26,Triple Top,,0.0,,,-6.8
매도,011170.KS,롯데케미칼,79600.0,71200.0,2026-03-13,,36.88,Rect Top,,0.0,,,11.8
매도,145020.KS,휴젤,254500.0,243500.0,2026-03-13,,-32.58,Triple Top,,0.0,,,4.52
매도,105630.KS,한세실업,12180.0,12290.0,2026-03-13,,16.56,Rect Top,,0.0,,,-0.9
매도,103140.KS,풍산,96000.0,107400.0,2026-03-11,,-29.62,Triple Top,,0.0,,,-10.61
매도,336370.KS,솔루스첨단소재,9840.0,10433.75,2026-03-11,,17.58,H&S,,0.0,,,-5.69
매도,088260.KS,이리츠코크렙,4770.0,4840.7692307692305,2026-03-11,,11.85,H&S,,0.0,,,-1.46
매도,039200.KS,오스코텍,52900.0,50300.0,2026-03-10,,84.64,Triple Top,,0.0,,,5.17
매도,161890.KS,한국콜마,80100.0,67300.0,2026-03-09,,-9.39,Triple Top,,0.0,,,19.02
매도,00104K.KS,CJ4우(전환),179600.0,150800.0,2026-03-09,,37.73,Triple Top,,0.0,,,19.1
매도,029460.KS,케이씨,34550.0,30987.724609375,2026-03-09,,48.03,Triple Top,,0.0,,,11.5
매도,005710.KS,대원산업,13560.0,12720.0,2026-03-09,,27.08,Triple Top,,0.0,,,6.6
매도,039570.KS,HDC랩스,8520.0,8090.0,2026-03-09,,-7.39,Triple Top,,0.0,,,5.32
매도,234690.KS,녹십자웰빙,14320.0,9320.0,2026-03-09,,45.38,Triple Top,,0.0,,,53.65
매도,006650.KS,대한유화,133300.0,129100.0,2026-03-06,,62.02,Triple Top,,0.0,,,3.25
매도,035720.KS,카카오,49350.0,56121.359375,2026-03-05,,-18.85,Triple Top,,0.0,,,-12.07
매도,326030.KS,SK바이오팜,96600.0,108500.0,2026-03-05,,5.11,Triple Top,,0.0,,,-10.97
매도,064400.KS,LG씨엔에스,62800.0,67500.0,2026-03-05,,-15.49,Triple Top,,0.0,,,-6.96
매도,022100.KS,포스코DX,31500.0,37550.0,2026-03-05,,33.76,Triple Top,,0.0,,,-16.11
매도,041510.KS,에스엠,93600.0,105400.0,2026-03-05,,-31.03,Triple Top,,0.0,,,-11.2
매도,298020.KS,효성티앤씨,389000.0,378000.0,2026-03-05,,61.94,Triple Top,,0.0,,,2.91
매도,137400.KS,피엔티,49500.0,48100.0,2026-03-05,,54.99,Triple Top,,0.0,,,2.91
매도,122870.KS,와이지엔터테인먼트,55800.0,69800.0,2026-03-05,,-39.48,Triple Top,,0.0,,,-20.06
매도,075580.KS,세진중공업,17370.0,17770.0,2026-03-05,,53.17,Triple Top,,0.0,,,-2.25
매도,079900.KS,전진건설로봇,55500.0,55357.65625,2026-03-05,,-0.44,Triple Top,,0.0,,,0.26
매도,053030.KS,바이넥스,11980.0,14690.0,2026-03-05,,-25.59,Triple Top,,0.0,,,-18.45
매도,294570.KS,쿠콘,29750.0,31800.0,2026-03-05,,13.5,Triple Top,,0.0,,,-6.45
매도,126600.KS,BGF에코머티리얼즈,3690.0,3801.51123046875,2026-03-05,,26.68,Triple Top,,0.0,,,-2.93
매도,034020.KS,두산에너빌리티,103900.0,86200.0,2026-03-04,,57.9,Triple Top,,0.0,,,20.53
매도,028260.KS,삼성물산,284500.0,289500.0,2026-03-04,,81.27,Triple Top,,0.0,,,-1.73
매도,042660.KS,한화오션,123900.0,129700.0,2026-03-04,,56.05,Triple Top,,0.0,,,-4.47
매도,010140.KS,삼성중공업,26550.0,23800.0,2026-03-04,,64.29,Triple Top,,0.0,,,11.55
매도,000810.KS,삼성화재,492000.0,470000.0,2026-03-04,,13.1,Triple Top,,0.0,,,4.68
매도,196170.KS,알테오젠,358000.0,361000.0,2026-03-04,,-6.93,Rect Top,,0.0,,,-0.83
매도,047810.KS,한국항공우주,177600.0,160000.0,2026-03-04,,94.74,Triple Top,,0.0,,,11.0
매도,018260.KS,삼성에스디에스,158500.0,165500.0,2026-03-04,,-6.8,Triple Top,,0.0,,,-4.23
매도,259960.KS,크래프톤,240500.0,227567.359375,2026-03-04,,-32.35,Triple Top,,0.0,,,5.68
매도,298380.KS,에이비엘바이오,172500.0,177100.0,2026-03-04,,163.36,Rect Top,,0.0,,,-2.6
매도,000100.KS,유한양행,97800.0,104045.09375,2026-03-04,,-5.09,Triple Top,,0.0,,,-6.0
매도,028300.KS,HLB,50700.0,51283.33333333334,2026-03-04,,3.26,H&S,,0.0,,,-1.14
매도,241560.KS,두산밥캣,61300.0,57700.0,2026-03-04,,4.12,Triple Top,,0.0,,,6.24
매도,088980.KS,맥쿼리인프라,11480.0,11140.0,2026-03-04,,3.42,Triple Top,,0.0,,,3.05
매도,021240.KS,코웨이,73000.0,75300.0,2026-03-04,,-24.35,Triple Top,,0.0,,,-3.05
매도,062040.KS,산일전기,158700.0,136200.0,2026-03-04,,78.92,Triple Top,,0.0,,,16.52
매도,251270.KS,넷마블,51900.0,47759.82421875,2026-03-04,,-12.45,Triple Top,,0.0,,,8.67
매도,036460.KS,한국가스공사,35900.0,38100.0,2026-03-04,,-7.28,Triple Top,,0.0,,,-5.77
매도,011780.KS,금호석유화학,127100.0,121733.74573863635,2026-03-04,,15.39,H&S,,0.0,,,4.41
매도,097950.KS,CJ제일제당,218000.0,206082.0,2026-03-04,,-10.82,Triple Top,,0.0,,,5.78
매도,347850.KS,디앤디파마텍,78600.0,77500.0,2026-03-04,,-35.94,Rect Top,,0.0,,,1.42
매도,051600.KS,한전KPS,63300.0,54300.0,2026-03-04,,5.15,Triple Top,,0.0,,,16.57
매도,026960.KS,동서,27250.0,25150.0,2026-03-04,,0.8,Rect Top,,0.0,,,8.35
매도,064760.KS,티씨케이,242750.0,204500.0,2026-03-04,,136.4,Triple Top,,0.0,,,18.7
매도,071970.KS,HD현대마린엔진,73200.0,79900.0,2026-03-04,,46.11,Triple Top,,0.0,,,-8.39
매도,008930.KS,한미사이언스,37350.0,36250.0,2026-03-04,,-16.26,Triple Top,,0.0,,,3.03
매도,204320.KS,HL만도,52900.0,58000.0,2026-03-04,,56.97,Triple Top,,0.0,,,-8.79
매도,257720.KS,실리콘투,38300.0,37900.0,2026-03-04,,-31.36,Triple Top,,0.0,,,1.06
매도,030000.KS,제일기획,20100.0,20600.0,2026-03-04,,5.26,Triple Top,,0.0,,,-2.43
매도,004800.KS,효성,147100.0,137300.0,2026-03-04,,107.35,Triple Top,,0.0,,,7.14
매도,018670.KS,SK가스,243500.0,221500.0,2026-03-04,,-1.27,Triple Top,,0.0,,,9.93
매도,192820.KS,코스맥스,198900.0,162300.0,2026-03-04,,-27.14,Triple Top,,0.0,,,22.55
매도,101490.KS,에스앤에스텍,94600.0,83200.0,2026-03-04,,136.04,Triple Top,,0.0,,,13.7
매도,069620.KS,대웅제약,158400.0,160700.0,2026-03-04,,10.92,Triple Top,,0.0,,,-1.43
매도,361610.KS,SK아이이테크놀로지,22000.0,23400.0,2026-03-04,,-19.85,Triple Top,,0.0,,,-5.98
매도,007070.KS,GS리테일,20450.0,20268.9375,2026-03-04,,26.34,Triple Top,,0.0,,,0.89
매도,008770.KS,호텔신라,42950.0,44300.0,2026-03-04,,-16.6,Triple Top,,0.0,,,-3.05
매도,006280.KS,녹십자,148100.0,150900.0,2026-03-04,,17.54,Triple Top,,0.0,,,-1.86
매도,060370.KS,LS마린솔루션,30100.0,27300.0,2026-03-04,,-4.29,Rect Top,,0.0,,,10.26
매도,003570.KS,SNT다이내믹스,48600.0,49150.0,2026-03-04,,-8.88,Rect Top,,0.0,,,-1.12
매도,007310.KS,오뚜기,369000.0,374000.0,2026-03-04,,-5.63,Triple Top,,0.0,,,-1.34
매도,195940.KS,HK이노엔,52600.0,45650.0,2026-03-04,,23.91,Triple Top,,0.0,,,15.22
매도,035760.KS,CJ ENM,59700.0,61600.0,2026-03-04,,-20.93,Triple Top,,0.0,,,-3.08
매도,300720.KS,한일시멘트,17090.0,16431.140625,2026-03-04,,-2.2,Triple Top,,0.0,,,4.01
매도,095610.KS,테스,68000.0,64200.0,2026-03-04,,173.5,Triple Top,,0.0,,,5.92
매도,185750.KS,종근당,89600.0,81818.71875,2026-03-04,,8.07,Triple Top,,0.0,,,9.51
매도,213420.KS,덕산네오룩스,51700.0,34100.0,2026-03-04,,45.63,Triple Top,,0.0,,,51.61
매도,166090.KS,하나머티리얼즈,63300.0,58900.0,2026-03-04,,147.07,Triple Top,,0.0,,,7.47
매도,096530.KS,씨젠,22500.0,23400.0,2026-03-04,,-31.46,Triple Top,,0.0,,,-3.85
매도,036540.KS,SFA반도체,7130.0,6890.0,2026-03-04,,126.35,Triple Top,,0.0,,,3.48
매도,005300.KS,롯데칠성,119000.0,124800.0,2026-03-04,,0.08,Rect Top,,0.0,,,-4.65
매도,006120.KS,SK디스커버리,58700.0,52000.0,2026-03-04,,3.38,Triple Top,,0.0,,,12.88
매도,192080.KS,더블유게임즈,50300.0,49905.1875,2026-03-04,,-10.76,Triple Top,,0.0,,,0.79
매도,036830.KS,솔브레인홀딩스,51600.0,48600.0,2026-03-04,,28.52,Triple Top,,0.0,,,6.17
매도,100840.KS,SNT에너지,49200.0,36050.0,2026-03-04,,23.18,Triple Top,,0.0,,,36.48
매도,328130.KS,루닛,34950.0,37700.0,2026-03-04,,-34.06,Rect Top,,0.0,,,-7.29
매도,009240.KS,한샘,43350.0,42300.0,2026-03-04,,-3.56,Triple Top,,0.0,,,2.48
매도,030190.KS,NICE평가정보,17130.0,16210.0,2026-03-04,,2.76,Triple Top,,0.0,,,5.68
매도,044490.KS,태웅,46400.0,28700.0,2026-03-04,,42.11,Triple Top,,0.0,,,61.67
매도,249420.KS,일동제약,31300.0,35800.0,2026-03-04,,148.02,Triple Top,,0.0,,,-12.57
매도,161580.KS,필옵틱스,39650.0,41400.0,2026-03-04,,3.93,Triple Top,,0.0,,,-4.23
매도,066575.KS,LG전자우,53300.0,52740.0,2026-03-04,,47.13,H&S,,0.0,,,1.06
매도,032190.KS,다우데이타,25050.0,23400.0,2026-03-04,,46.75,Triple Top,,0.0,,,7.05
매도,064960.KS,SNT모티브,34450.0,32000.0,2026-03-04,,12.88,Rect Top,,0.0,,,7.66
매도,004490.KS,세방전지,61300.0,62100.0,2026-03-04,,-5.73,Triple Top,,0.0,,,-1.29
매도,108320.KS,LX세미콘,51100.0,48807.62890625,2026-03-04,,-20.44,Triple Top,,0.0,,,4.7
매도,090460.KS,비에이치,23000.0,15930.0,2026-03-04,,87.86,Rect Top,,0.0,,,44.38
매도,093370.KS,후성,7310.0,7280.0,2026-03-04,,53.09,Triple Top,,0.0,,,0.41
매도,069260.KS,TKG휴켐스,18410.0,18577.00390625,2026-03-04,,16.96,Triple Top,,0.0,,,-0.9
매도,121600.KS,나노신소재,62900.0,64100.0,2026-03-04,,26.15,Triple Top,,0.0,,,-1.87
매도,014820.KS,동원시스템즈,26400.0,24150.0,2026-03-04,,-14.51,Triple Top,,0.0,,,9.32
매도,007700.KS,F&F홀딩스,19200.0,18300.0,2026-03-04,,-11.07,Triple Top,,0.0,,,4.92
매도,001680.KS,대상,20950.0,21300.0,2026-03-04,,-3.46,Triple Top,,0.0,,,-1.64
매도,005180.KS,빙그레,74800.0,74900.0,2026-03-04,,-10.31,Triple Top,,0.0,,,-0.13
매도,067160.KS,SOOP,61400.0,66600.0,2026-03-04,,-28.87,Triple Top,,0.0,,,-7.81
매도,042000.KS,카페24,29300.0,30050.0,2026-03-04,,-39.4,Triple Top,,0.0,,,-2.5
매도,293940.KS,신한알파리츠,5710.0,5530.0,2026-03-04,,4.84,Triple Top,,0.0,,,3.25
매도,053800.KS,안랩,62700.0,61300.0,2026-03-04,,-6.26,Triple Top,,0.0,,,2.28
매도,348370.KS,엔켐,38900.0,60600.0,2026-03-04,,-31.75,Rect Top,,0.0,,,-35.81
매도,025980.KS,아난티,7030.0,7650.0,2026-03-04,,-32.27,Triple Top,,0.0,,,-8.1
매도,005250.KS,녹십자홀딩스,14070.0,14450.0,2026-03-04,,-12.12,Rect Top,,0.0,,,-2.63
매도,039130.KS,하나투어,42200.0,44900.0,2026-03-04,,-20.47,Triple Top,,0.0,,,-6.01
매도,002840.KS,미원상사,134700.0,135300.0,2026-03-04,,-18.88,Triple Top,,0.0,,,-0.44
매도,094170.KS,동운아나텍,29000.0,26700.0,2026-03-04,,64.12,Rect Top,,0.0,,,8.61
매도,098070.KS,한텍,50400.0,34750.0,2026-03-04,,42.17,Triple Top,,0.0,,,45.04
매도,002030.KS,아세아,273000.0,279500.0,2026-03-04,,-11.35,Triple Top,,0.0,,,-2.33
매도,278280.KS,천보,48650.0,47700.0,2026-03-04,,24.11,Rect Top,,0.0,,,1.99
매도,119850.KS,지엔씨에너지,35650.0,34350.0,2026-03-04,,-0.51,Triple Top,,0.0,,,3.78
매도,005420.KS,코스모화학,15070.0,13420.0,2026-03-04,,2.03,Rect Top,,0.0,,,12.3
매도,095660.KS,네오위즈,25350.0,24300.0,2026-03-04,,0.6,Triple Top,,0.0,,,4.32
매도,083450.KS,GST,29650.0,27100.0,2026-03-04,,54.42,Triple Top,,0.0,,,9.41
매도,025320.KS,시노펙스,6050.0,5523.8095703125,2026-03-04,,-15.41,Rect Top,,0.0,,,9.53
매도,064260.KS,다날,6780.0,6550.0,2026-03-04,,19.79,Triple Top,,0.0,,,3.51
매도,047920.KS,HLB제약,15760.0,14300.0,2026-03-04,,-8.43,Triple Top,,0.0,,,10.21
매도,192650.KS,드림텍,7150.0,6486.732421875,2026-03-04,,20.67,Triple Top,,0.0,,,10.22
매도,006220.KS,제주은행,13160.0,14170.0,2026-03-04,,-14.04,Triple Top,,0.0,,,-7.13
매도,215200.KS,메가스터디교육,48400.0,41800.0,2026-03-04,,2.58,Triple Top,,0.0,,,15.79
매도,089010.KS,켐트로닉스,30300.0,32400.0,2026-03-04,,31.45,Triple Top,,0.0,,,-6.48
매도,101930.KS,인화정공,50300.0,40350.0,2026-03-04,,43.77,Triple Top,,0.0,,,24.66
매도,338840.KS,와이바이오로직스,31450.0,22000.0,2026-03-04,,241.48,Triple Top,,0.0,,,42.95
매도,004700.KS,조광피혁,68200.0,65400.0,2026-03-04,,10.0,Triple Top,,0.0,,,4.28
매도,357120.KS,코람코라이프인프라리츠,4575.0,4385.0,2026-03-04,,7.35,Triple Top,,0.0,,,4.33
매도,183190.KS,아세아시멘트,12020.0,11510.0,2026-03-04,,-4.67,Triple Top,,0.0,,,4.43
매도,031430.KS,신세계인터내셔날,12350.0,11720.0,2026-03-04,,-2.76,Triple Top,,0.0,,,5.38
매도,005610.KS,SPC삼립,50900.0,49900.0,2026-03-04,,-7.96,Triple Top,,0.0,,,2.0
매도,016800.KS,퍼시스,38200.0,41641.4140625,2026-03-04,,-11.39,Triple Top,,0.0,,,-8.26
매도,194480.KS,데브시스터즈,39550.0,35650.0,2026-03-04,,-4.81,Triple Top,,0.0,,,10.94
매도,060980.KS,HL홀딩스,45850.0,44400.0,2026-03-04,,12.93,Triple Top,,0.0,,,3.27
매도,117730.KS,티로보틱스,19440.0,22500.0,2026-03-04,,60.13,Triple Top,,0.0,,,-13.6
매도,200670.KS,휴메딕스,35650.0,38900.0,2026-03-04,,-34.52,Triple Top,,0.0,,,-8.35
매도,200880.KS,서연이화,14170.0,14830.0,2026-03-04,,16.91,Triple Top,,0.0,,,-4.45
매도,144510.KS,지씨셀,24300.0,24350.0,2026-03-04,,17.96,Triple Top,,0.0,,,-0.21
매도,314930.KS,바이오다인,12960.0,11730.0,2026-03-04,,-13.6,Triple Top,,0.0,,,10.49
매도,079940.KS,가비아,27100.0,29875.8203125,2026-03-04,,0.43,Triple Top,,0.0,,,-9.29
매도,036890.KS,진성티이씨,16740.0,13410.0,2026-03-04,,51.66,H&S,,0.0,,,24.83
매도,200470.KS,에이팩트,8460.0,6880.0,2026-03-04,,253.24,Triple Top,,0.0,,,22.97
매도,058970.KS,엠로,28800.0,38650.0,2026-03-04,,-45.45,Triple Top,,0.0,,,-25.49
매도,001390.KS,KG케미칼,5360.0,4825.0,2026-03-04,,16.52,Triple Top,,0.0,,,11.09
매도,094360.KS,칩스앤미디어,17150.0,17230.0,2026-03-04,,1.98,Triple Top,,0.0,,,-0.46
매도,286940.KS,롯데이노베이트,22100.0,21150.0,2026-03-04,,-6.75,Triple Top,,0.0,,,4.49
매도,002710.KS,TCC스틸,13590.0,13050.0,2026-03-04,,-15.4,Rect Top,,0.0,,,4.14
매도,084690.KS,대상홀딩스,9530.0,9250.0,2026-03-04,,-8.45,Triple Top,,0.0,,,3.03
매도,017860.KS,DS단석,19190.0,18720.0,2026-03-04,,-23.65,Triple Top,,0.0,,,2.51
매도,272450.KS,진에어,6410.0,6570.0,2026-03-04,,-32.17,Triple Top,,0.0,,,-2.44
매도,094480.KS,갤럭시아머니트리,8540.0,8765.455078125,2026-03-04,,-29.06,Triple Top,,0.0,,,-2.57
매도,024720.KS,콜마홀딩스,9310.0,9200.0,2026-03-04,,-47.3,Triple Top,,0.0,,,1.2
매도,003520.KS,영진약품,1768.0,1854.0,2026-03-04,,-20.0,Triple Top,,0.0,,,-4.64
매도,003920.KS,남양유업,52600.0,47200.0,2026-03-04,,-14.78,Triple Top,,0.0,,,11.44
매도,088800.KS,에이스테크,4115.0,2800.0,2026-03-04,,57.36,Rect Top,,0.0,,,46.96
매도,179900.KS,유티아이,17720.0,21450.0,2026-03-04,,-23.78,Rect Top,,0.0,,,-17.39
매도,099430.KS,바이오플러스,5150.0,4860.0,2026-03-04,,-24.39,Triple Top,,0.0,,,5.97
매도,243070.KS,휴온스,26250.0,25450.0,2026-03-04,,-1.74,Triple Top,,0.0,,,3.14
매도,317330.KS,덕산테코피아,16250.0,15160.0,2026-03-04,,4.03,Rect Top,,0.0,,,7.19
매도,003960.KS,사조대림,33150.0,35300.0,2026-03-04,,-18.71,Triple Top,,0.0,,,-6.09
매도,002320.KS,한진,19600.0,19320.0,2026-03-04,,1.17,Triple Top,,0.0,,,1.45
매도,036200.KS,유니셈,10280.0,10090.0,2026-03-04,,69.42,Triple Top,,0.0,,,1.88
매도,054950.KS,제이브이엠,24950.0,24219.455078125,2026-03-04,,-2.13,Triple Top,,0.0,,,3.02
매도,064550.KS,바이오니아,11840.0,11710.0,2026-03-04,,-17.78,Triple Top,,0.0,,,1.11
매도,025770.KS,한국정보통신,7820.0,7600.0,2026-03-04,,-20.37,Triple Top,,0.0,,,2.89
매도,035510.KS,신세계 I&C,21350.0,15610.0,2026-03-04,,8.05,Triple Top,,0.0,,,36.77
매도,045390.KS,대아티아이,4210.0,4070.0,2026-03-04,,-20.57,Triple Top,,0.0,,,3.44
매도,357550.KS,석경에이티,52400.0,55300.0,2026-03-04,,7.05,Rect Top,,0.0,,,-5.24
매도,095500.KS,미래나노텍,9230.0,10170.0,2026-03-04,,16.89,Rect Top,,0.0,,,-9.24
매도,018310.KS,삼목에스폼,18540.0,19120.0,2026-03-04,,-12.06,Triple Top,,0.0,,,-3.03
매도,053690.KS,한미글로벌,26650.0,17000.0,2026-03-04,,32.1,Triple Top,,0.0,,,56.76
매도,092460.KS,한라IMS,15700.0,14207.3505859375,2026-03-04,,81.79,Triple Top,,0.0,,,10.51
매도,02826K.KS,삼성물산우B,185000.0,179100.0,2026-03-04,,61.26,Triple Top,,0.0,,,3.29
매도,001790.KS,대한제당,2940.0,2715.0,2026-03-04,,7.31,Triple Top,,0.0,,,8.29
매도,051360.KS,토비스,16260.0,15050.0,2026-03-04,,7.65,Triple Top,,0.0,,,8.04
매도,108380.KS,대양전기공업,27500.0,25550.0,2026-03-04,,15.72,Rect Top,,0.0,,,7.63
매도,058820.KS,CMG제약,1913.0,1713.0,2026-03-04,,-3.68,Triple Top,,0.0,,,11.68
매도,054210.KS,이랜텍,11650.0,10140.0,2026-03-04,,103.08,Triple Top,,0.0,,,14.89
매도,013890.KS,지누스,11180.0,11970.0,2026-03-04,,-33.77,Triple Top,,0.0,,,-6.6
매도,217730.KS,강스템바이오텍,2590.0,2030.0,2026-03-04,,70.96,Triple Top,,0.0,,,27.59
매도,210980.KS,SK디앤디,13110.0,12600.0,2026-03-04,,36.06,Triple Top,,0.0,,,4.05
매도,083310.KS,엘오티베큠,14100.0,12050.0,2026-03-04,,48.73,Triple Top,,0.0,,,17.01
매도,004980.KS,성신양회,9970.0,9140.0,2026-03-04,,11.58,Triple Top,,0.0,,,9.08
매도,199820.KS,제일일렉트릭,11250.0,9700.0,2026-03-04,,14.68,Triple Top,,0.0,,,15.98
매도,000430.KS,대원강업,3975.0,3935.0,2026-03-04,,7.58,Triple Top,,0.0,,,1.02
매도,034810.KS,해성산업,7450.0,8090.0,2026-03-04,,-0.95,Triple Top,,0.0,,,-7.91
매도,028100.KS,동아지질,17990.0,16362.138671875,2026-03-04,,14.54,Triple Top,,0.0,,,9.95
매도,041020.KS,폴라리스오피스,4760.0,3716.1111111111168,2026-03-04,,-21.84,H&S,,0.0,,,28.09
매도,051905.KS,LG생활건강우,109400.0,109100.0,2026-03-04,,-16.31,Triple Top,,0.0,,,0.27
매도,084680.KS,이월드,1596.0,1532.0,2026-03-04,,-1.85,Triple Top,,0.0,,,4.18
매도,003610.KS,방림,5660.0,5420.0,2026-03-04,,31.94,Triple Top,,0.0,,,4.43
매도,226320.KS,잇츠한불,10320.0,10950.0,2026-03-04,,-20.0,Triple Top,,0.0,,,-5.75
매도,033530.KS,SJG세종,8000.0,9230.0,2026-03-04,,77.99,Triple Top,,0.0,,,-13.33
매도,004430.KS,송원산업,9460.0,8640.0,2026-03-04,,-23.15,Triple Top,,0.0,,,9.49
매도,179290.KS,엠아이텍,6680.0,6730.0,2026-03-04,,-11.12,Triple Top,,0.0,,,-0.74
매도,002150.KS,도화엔지니어링,6590.0,6060.0,2026-03-04,,3.9,Triple Top,,0.0,,,8.75
매도,270660.KS,에브리봇,17610.0,17690.0,2026-03-04,,2.68,Triple Top,,0.0,,,-0.45
매도,297090.KS,씨에스베어링,7970.0,5660.0,2026-03-04,,7.41,Triple Top,,0.0,,,40.81
매도,298690.KS,에어부산,1834.0,1719.0,2026-03-04,,-19.03,Triple Top,,0.0,,,6.69
매도,000140.KS,하이트진로홀딩스,9100.0,9270.0,2026-03-04,,-8.49,Triple Top,,0.0,,,-1.83
매도,272550.KS,삼양패키징,14000.0,12180.0,2026-03-04,,6.83,Rect Top,,0.0,,,14.94
매도,234080.KS,JW생명과학,13250.0,12460.0,2026-03-04,,11.34,Triple Top,,0.0,,,6.34
매도,299030.KS,하나기술,26500.0,25300.0,2026-03-04,,13.25,Rect Top,,0.0,,,4.74
매도,036560.KS,KZ정밀,13140.0,13500.0,2026-03-04,,12.18,Triple Top,,0.0,,,-2.67
매도,102120.KS,어보브반도체,12070.0,11820.0,2026-03-04,,1.51,Triple Top,,0.0,,,2.12
매도,001045.KS,CJ우,90700.0,88800.0,2026-03-04,,5.47,Triple Top,,0.0,,,2.14
매도,102260.KS,동성케미컬,4125.0,4060.0,2026-03-04,,-1.53,Triple Top,,0.0,,,1.6
매도,271980.KS,제일약품,13870.0,14190.0,2026-03-04,,-11.77,Triple Top,,0.0,,,-2.26
매도,015760.KS,한국전력,46600.0,57300.0,2026-03-03,,22.62,Triple Top,,0.0,,,-18.67
매도,082740.KS,한화엔진,46575.0,53000.0,2026-03-03,,69.06,Triple Top,,0.0,,,-12.12
매도,011790.KS,SKC,102100.0,107600.0,2026-03-03,,-9.16,Triple Top,,0.0,,,-5.11
매도,302440.KS,SK바이오사이언스,43100.0,48600.0,2026-03-03,,-12.13,Triple Top,,0.0,,,-11.32
매도,030530.KS,원익홀딩스,32550.0,34050.0,2026-03-03,,503.9,Rect Top,,0.0,,,-4.41
매도,035900.KS,JYP Ent.,64000.0,67400.0,2026-03-03,,-13.16,Triple Top,,0.0,,,-5.04
매도,000080.KS,하이트진로,16680.0,17370.0,2026-03-03,,-17.43,Triple Top,,0.0,,,-3.97
매도,204270.KS,제이앤티씨,17420.0,21500.0,2026-03-03,,-9.22,Triple Top,,0.0,,,-18.98
매도,298050.KS,HS효성첨단소재,223000.0,246000.0,2026-03-03,,7.1,Triple Top,,0.0,,,-9.35
매도,137310.KS,에스디바이오센서,7910.0,8210.0,2026-03-03,,-26.07,Triple Top,,0.0,,,-3.65
매도,079160.KS,CJ CGV,4745.0,5510.0,2026-03-03,,-5.1,Triple Top,,0.0,,,-13.88
매도,114090.KS,GKL,11930.0,12890.0,2026-03-03,,-19.59,Triple Top,,0.0,,,-7.45
매도,112040.KS,위메이드,21900.0,24800.0,2026-03-03,,-35.96,Triple Top,,0.0,,,-11.69
매도,090360.KS,로보스타,62600.0,75100.0,2026-03-03,,114.38,Rect Top,,0.0,,,-16.64
매도,251970.KS,펌텍코리아,46500.0,50600.0,2026-03-03,,-19.13,Triple Top,,0.0,,,-8.1
매도,008730.KS,율촌화학,23900.0,26050.0,2026-03-03,,-15.35,Triple Top,,0.0,,,-8.25
매도,105840.KS,우진,27200.0,24050.0,2026-03-03,,139.23,Triple Top,,0.0,,,13.1
매도,090435.KS,아모레퍼시픽우,47600.0,49100.0,2026-03-03,,9.68,Triple Top,,0.0,,,-3.05
매도,030520.KS,한글과컴퓨터,20450.0,22150.0,2026-03-03,,-31.66,Triple Top,,0.0,,,-7.67
매도,017810.KS,풀무원,12260.0,12690.0,2026-03-03,,3.03,Triple Top,,0.0,,,-3.39
매도,220100.KS,퓨쳐켐,20500.0,22450.0,2026-03-03,,34.87,Rect Top,,0.0,,,-8.69
매도,199800.KS,툴젠,49000.0,47500.0,2026-03-03,,64.98,Triple Top,,0.0,,,3.16
매도,170900.KS,동아에스티,44350.0,48945.83203125,2026-03-03,,-1.26,Triple Top,,0.0,,,-9.39
매도,352480.KS,씨앤씨인터내셔널,27050.0,29650.0,2026-03-03,,-14.03,Triple Top,,0.0,,,-8.77
매도,108860.KS,셀바스AI,13510.0,11740.0,2026-03-03,,-11.7,Triple Top,,0.0,,,15.08
매도,037270.KS,YG PLUS,5610.0,6806.3056640625,2026-03-03,,-33.28,Triple Top,,0.0,,,-17.58
매도,092200.KS,디아이씨,8730.0,10020.0,2026-03-03,,84.37,Triple Top,,0.0,,,-12.87
매도,419530.KS,SAMG엔터,34950.0,35100.0,2026-03-03,,-56.26,Triple Top,,0.0,,,-0.43
매도,099440.KS,스맥,4925.0,5770.0,2026-03-03,,54.15,Rect Top,,0.0,,,-14.64
매도,138610.KS,나이벡,29250.0,30850.0,2026-03-03,,14.93,Rect Top,,0.0,,,-5.19
매도,014940.KS,오리엔탈정공,6880.0,7670.0,2026-03-03,,22.73,Triple Top,,0.0,,,-10.3
매도,034120.KS,SBS,16740.0,18170.0,2026-03-03,,-35.12,Triple Top,,0.0,,,-7.87
매도,216080.KS,제테마,7940.0,9340.0,2026-03-03,,28.06,Triple Top,,0.0,,,-14.99
매도,334890.KS,이지스밸류리츠,4120.0,4115.0,2026-03-03,,-10.51,Triple Top,,0.0,,,0.12
매도,304100.KS,솔트룩스,22450.0,25750.0,2026-03-03,,-51.82,Rect Top,,0.0,,,-12.82
매도,092730.KS,네오팜,17580.0,18700.0,2026-03-03,,26.75,Triple Top,,0.0,,,-5.99
매도,256840.KS,한국비엔씨,4005.0,4480.0,2026-03-03,,-22.38,Rect Top,,0.0,,,-10.6
매도,065680.KS,우주일렉트로,29800.0,29850.0,2026-03-03,,-17.53,Triple Top,,0.0,,,-0.17
매도,053300.KS,한국정보인증,6070.0,6400.0,2026-03-03,,-23.46,Triple Top,,0.0,,,-5.16
매도,122900.KS,아이마켓코리아,7550.0,7890.0,2026-03-03,,-6.88,Triple Top,,0.0,,,-4.31
매도,190510.KS,나무가,18090.0,22600.0,2026-03-03,,36.85,Rect Top,,0.0,,,-19.96
매도,000680.KS,LS네트웍스,3215.0,3370.0,2026-03-03,,-17.88,Triple Top,,0.0,,,-4.6
매도,194700.KS,노바렉스,13610.0,13450.0,2026-03-03,,-24.72,Triple Top,,0.0,,,1.19
매도,005500.KS,삼진제약,18670.0,18738.578125,2026-03-03,,3.24,Triple Top,,0.0,,,-0.37
매도,243840.KS,신흥에스이씨,7180.0,5880.0,2026-03-03,,91.48,Triple Top,,0.0,,,22.11
매도,144960.KS,뉴파워프라즈마,5700.0,5810.0,2026-03-03,,14.43,Triple Top,,0.0,,,-1.89
매도,065710.KS,서호전기,45550.0,49850.0,2026-03-03,,15.9,Triple Top,,0.0,,,-8.63
매도,003220.KS,대원제약,10290.0,11240.0,2026-03-03,,-20.65,Triple Top,,0.0,,,-8.45
매도,084850.KS,아이티엠반도체,12610.0,9990.0,2026-03-03,,2.35,Triple Top,,0.0,,,26.23
매도,118990.KS,모트렉스,8820.0,9250.0,2026-03-03,,-0.79,Triple Top,,0.0,,,-4.65
매도,237880.KS,클리오,11980.0,12530.0,2026-03-03,,-25.68,Triple Top,,0.0,,,-4.39
매도,005950.KS,이수화학,8010.0,8850.0,2026-03-03,,24.38,Triple Top,,0.0,,,-9.49
매도,078150.KS,HB테크놀러지,2420.0,2050.0,2026-03-03,,27.96,Triple Top,,0.0,,,18.05
매도,001780.KS,알루코,2150.0,2210.0,2026-03-03,,-4.87,Triple Top,,0.0,,,-2.71
설정,패턴 모드,X3 Disparity Regime,,,,,,,,,,,
설정,이격도 레짐,단기 16일 / 장기 122일,,,,,,,,,,,
설정,매도 기준,단기 이격도 > +12%,,,,,,,,,,,
설정,매수 기준,장기 이격도 < -19%,,,,,,,,,,,
설정,풀백 기준,5.6%,,,,,,,,,,,
설정,현재 상태,매수 허용 (골든크로스),,,,,,,,,,,
설정,KOSPI 현재가,"5,553.92",,,,,,,,,,,
설정,단기 이격도,-1.0%,,,,,,,,,,,
설정,장기 이격도,+23.3%,,,,,,,,,,,
설정,KOSPI 정배열,아니오,,,,,,,,,,,
설정,모멘텀 임계값,74.8%,,,,,,,,,,,
설정,최대 종목 수,30,,,,,,,,,,,
설정,검색 기간,최근 20일,,,,,,,,,,,
설정,보유 기간 제한,51일 경과 & 수익률 10% 미만시 매도,,,,,,,,,,,
설정,손절 비율,27.3%,,,,,,,,,,,
설정,익절 비율,70.8%,,,,,,,,,,,
설정,수수료,0.17% (매수/매도 각),,,,,,,,,,,
설정,슬리피지,"매수 0.20%, 매도 0.20%",,,,,,,,,,,
설정,백테스트 수익률,"1,259.2%",,,,,,,,,,,
설정,백테스트 MDD,-34.0%,,,,,,,,,,,
설정,백테스트 기간,2013-01-02 ~ 2026-03-20,,,,,,,,,,,
