구분,티커,종목명,신호일,진입일,진입가,현재가/청산가,청산일,모멘텀(%),수급빈집,우선순위(%),패턴,상태,손절가,익절가,손익률(%),보유일수
오늘신호,000660.KS,SK하이닉스,2026-04-14,2026-06-02,1099000.0,1136000.0,,320.87,0.8174,72.17,Triple Bottom,,1089728.8912964042,1586036.786544339,3.37,
오늘신호,034020.KS,두산에너빌리티,2026-04-15,2026-06-03,103500.0,104200.0,,73.67,0.4261,39.06,Rect Bottom,,97467.59697260543,141858.39756044646,0.68,
오늘신호,000500.KS,가온전선,2026-04-15,2026-06-03,121900.0,128000.0,,111.05,-0.4,20.78,Triple Bottom,,119729.86960166502,174259.83577482868,5.0,
오늘신호,229640.KS,LS에코에너지,2026-04-15,2026-06-03,47800.0,50600.0,,55.59,-0.0957,17.73,Rect Bottom,,47330.7140769082,68887.09132973696,5.86,
오늘신호,004000.KS,롯데정밀화학,2026-04-15,2026-06-03,52800.0,53400.0,,31.85,-0.4957,-27.72,Rect Bottom,,49949.804974444625,72699.02523731133,1.14,
매수,000660.KS,SK하이닉스,2026-04-14,2026-06-02,1099000.0,1136000.0,,320.87,0.8174,72.17,Triple Bottom,,1089728.8912964042,1586036.786544339,3.37,
매수,047810.KS,한국항공우주,2026-04-09,2026-05-28,197600.0,190000.0,,124.32,0.7478,65.04,Rect Bottom,,188481.0056619961,274323.1008486561,-3.85,
매수,267270.KS,HD현대건설기계,2026-04-01,2026-05-20,141500.0,159800.0,,113.33,0.4522,56.1,Rect Bottom,,136753.96043565177,199037.4061740621,12.93,
매수,100840.KS,SNT에너지,2026-04-03,2026-05-22,51000.0,55700.0,,60.91,0.7739,45.94,Rect Bottom,,50417.49977757613,73379.72772080677,9.22,
매수,079550.KS,LIG넥스원,2026-04-09,2026-05-28,860000.0,893000.0,,82.06,0.8522,42.31,Rect Bottom,,832496.7495740771,1211650.4206218557,3.84,
매수,034020.KS,두산에너빌리티,2026-04-15,2026-06-03,103500.0,104200.0,,73.67,0.4261,39.06,Rect Bottom,,97467.59697260543,141858.39756044646,0.68,
매수,017960.KS,한국카본,2026-04-13,2026-06-01,47800.0,51100.0,,124.46,0.0783,38.09,Rect Bottom,,47424.2530375345,69023.23182643605,6.9,
매수,000720.KS,현대건설,2026-04-08,2026-05-27,159900.0,179100.0,,151.19,-0.1304,37.24,Rect Bottom,,170708.60314299894,248456.40647582995,12.01,
매수,001720.KS,신영증권,2026-04-08,2026-05-27,182375.0,209000.0,,76.97,0.4435,31.08,Inv H&S,,191754.86928391663,279088.01823312405,14.6,
매수,278470.KS,에이피알,2026-04-09,2026-05-28,359500.0,413000.0,,161.6,-0.9826,24.4,Rect Bottom,,348900.32313610194,507804.0526875867,14.88,
매수,052690.KS,한전기술,2026-04-08,2026-05-27,167000.0,178500.0,,102.47,-0.5652,23.95,Rect Bottom,,159764.54474972177,232527.968362037,6.89,
매수,000500.KS,가온전선,2026-04-15,2026-06-03,121900.0,128000.0,,111.05,-0.4,20.78,Triple Bottom,,119729.86960166502,174259.83577482868,5.0,
매수,011070.KS,LG이노텍,2026-04-08,2026-05-27,345000.0,383000.0,,151.31,-0.5565,19.09,Rect Bottom,,321306.32975134323,467642.6061613566,11.01,
매수,229640.KS,LS에코에너지,2026-04-15,2026-06-03,47800.0,50600.0,,55.59,-0.0957,17.73,Rect Bottom,,47330.7140769082,68887.09132973696,5.86,
매수,090460.KS,비에이치,2026-04-10,2026-05-29,22950.0,23950.0,,91.76,-0.4348,9.78,Rect Bottom,,21513.960944049184,31312.31424078953,4.36,
매수,281820.KS,케이씨텍,2026-04-13,2026-06-01,51000.0,53800.0,,95.36,-0.6435,3.34,Rect Bottom,,49856.26601381832,72562.88474061225,5.49,
매수,079900.KS,전진건설로봇,2026-04-08,2026-05-27,61080.90625,68200.0,,36.13,-0.2696,-4.14,Rect Bottom,,63980.64906838974,93120.09974217408,11.66,
매수,139130.KS,iM금융지주,2026-04-10,2026-05-29,17670.0,18260.0,,32.8,0.0435,-7.06,Triple Bottom,,16837.012912734142,24505.289405835283,3.34,
매수,078930.KS,GS,2026-04-13,2026-06-01,72601.7734375,72300.0,,55.43,-0.8435,-12.7,Triple Bottom,,68096.36333594698,99110.28159693381,-0.42,
매수,007070.KS,GS리테일,2026-04-09,2026-05-28,21900.0,22900.0,,38.32,-0.6087,-15.01,Inv H&S,,20812.418739351928,30291.26051554639,4.57,
매수,004000.KS,롯데정밀화학,2026-04-15,2026-06-03,52800.0,53400.0,,31.85,-0.4957,-27.72,Rect Bottom,,49949.804974444625,72699.02523731133,1.14,
매수,241560.KS,두산밥캣,2026-04-09,2026-05-28,67000.0,68900.0,,27.03,-0.5304,-29.7,Rect Bottom,,65009.57763527905,94617.645205864,2.84,
매수,082640.KS,동양생명,2026-03-27,2026-05-15,8480.0,8690.0,,31.47,-0.2435,-35.95,Rect Bottom,,8222.07463905184,11966.749659849564,2.48,
매수,003470.KS,유안타증권,2026-04-08,2026-05-27,4710.0,5010.0,,38.78,-0.7913,-40.3,Inv H&S,,4545.9934864382185,6616.428139575526,6.37,
매도패턴,004990.KS,롯데지주,2026-04-15,,29100.0,28650.0,,1.24,0.0,0.0,H&S,,,,-1.55,
매도패턴,267250.KS,HD현대,2026-04-14,,307551.61458333395,255000.0,,91.85,0.0,0.0,H&S,,,,-17.09,
매도패턴,023530.KS,롯데쇼핑,2026-04-14,,105333.33333333302,107400.0,,41.32,0.0,0.0,H&S,,,,1.96,
매도패턴,030190.KS,NICE평가정보,2026-04-08,,15630.0,15290.0,,-5.79,0.0,0.0,Triple Top,,,,-2.18,
매도패턴,071050.KS,한국금융지주,2026-04-07,,214114.0625,255000.0,,98.25,0.0,0.0,H&S,,,,19.1,
매도패턴,180640.KS,한진칼,2026-04-07,,107800.0,114300.0,,-3.95,0.0,0.0,Rect Top,,,,6.03,
매도패턴,039490.KS,키움증권,2026-04-06,,564000.0,466000.0,,130.25,0.0,0.0,H&S,,,,-17.38,
매도패턴,000120.KS,CJ대한통운,2026-04-06,,113614.28571428591,103600.0,,14.22,0.0,0.0,H&S,,,,-8.81,
매도패턴,009970.KS,영원무역홀딩스,2026-04-03,,214000.0,209000.0,,61.23,0.0,0.0,Triple Top,,,,-2.34,
매도패턴,034230.KS,파라다이스,2026-04-03,,15550.0,15400.0,,-2.97,0.0,0.0,Triple Top,,,,-0.96,
매도패턴,352820.KS,하이브,2026-04-02,,280103.25,255500.0,,-9.11,0.0,0.0,Rect Top,,,,-8.78,
매도패턴,029780.KS,삼성카드,2026-04-02,,51700.0,54300.0,,5.64,0.0,0.0,Triple Top,,,,5.03,
손절하락,011170.KS,롯데케미칼,2026-04-09,2026-05-28,97000.0,89600.0,,32.98,0.0,0.0,"Triple Bottom (손절 6% 이탈, -7.6%)",,90732.79180751176,132056.28179811235,-7.63,
매도전환,030190.KS,NICE평가정보,2026-04-01,,16720.0,15000.0,2026-04-14,,,,,,,,-10.29,
매도전환,138040.KS,메리츠금융지주,2026-02-12,,135000.0,115600.0,2026-04-10,,,,,,,,-14.37,
매도전환,000240.KS,한국앤컴퍼니,2026-02-20,,34650.0,24950.0,2026-04-10,,,,,,,,-27.99,
매도전환,034230.KS,파라다이스,2026-02-10,,21250.0,15170.0,2026-04-10,,,,,,,,-28.61,
매도전환,180640.KS,한진칼,2026-02-25,,173000.0,110700.0,2026-04-09,,,,,,,,-36.01,
매도전환,000810.KS,삼성화재,2026-02-19,,570000.0,468000.0,2026-04-08,,,,,,,,-17.89,
매도전환,066575.KS,LG전자우,2026-02-23,,62700.0,52600.0,2026-04-08,,,,,,,,-16.11,
매도전환,005387.KS,현대차2우B,2026-01-13,,246894.640625,235500.0,2026-04-07,,,,,,,,-4.62,
매도전환,005385.KS,현대차우,2026-01-14,,247403.703125,237500.0,2026-04-07,,,,,,,,-4.0,
매도전환,111770.KS,영원무역,2026-02-12,,91400.0,81500.0,2026-04-07,,,,,,,,-10.83,
매도전환,000815.KS,삼성화재우,2026-02-19,,431000.0,364000.0,2026-04-07,,,,,,,,-15.55,
매도전환,195870.KS,해성디에스,2026-02-02,,62400.0,52000.0,2026-04-07,,,,,,,,-16.67,
매도전환,069960.KS,현대백화점,2026-02-10,,108200.0,76000.0,2026-04-06,,,,,,,,-29.76,
take_profit,079900.KS,전진건설로봇,2026-01-30,2026-02-02,49190.35990590898,68500.0,2026-04-09,,,,,,,,39.25,
stop_loss,005830.KS,DB손해보험,2026-02-06,2026-02-09,172100.0,170250.0,2026-04-08,,,,,,,,-1.07,
stop_loss,035250.KS,강원랜드,2026-02-05,2026-02-06,17710.0,16845.0,2026-04-08,,,,,,,,-4.88,
take_profit,028050.KS,삼성E&A,2026-01-30,2026-02-02,30450.0,49100.0,2026-04-07,,,,,,,,61.25,
stop_loss,014680.KS,한솔케미칼,2026-01-27,2026-01-28,273500.0,275250.0,2026-04-01,,,,,,,,0.64,
stop_loss,003550.KS,LG,2026-01-23,2026-01-26,93700.0,83150.0,2026-03-31,,,,,,,,-11.26,
stop_loss,000815.KS,삼성화재우,2026-03-03,2026-03-04,400000.0,361750.0,2026-03-31,,,,,,,,-9.56,
stop_loss,064350.KS,현대로템,2026-03-10,2026-03-11,203500.0,178650.0,2026-03-30,,,,,,,,-12.21,
stop_loss,111770.KS,영원무역,2026-02-12,2026-02-13,91400.0,79350.0,2026-03-30,,,,,,,,-13.18,
take_profit,120110.KS,코오롱인더,2026-02-02,2026-02-03,53276.21580497383,75850.0,2026-03-30,,,,,,,,42.37,
take_profit,012630.KS,HDC,2026-02-09,2026-02-10,19840.0,27800.0,2026-03-30,,,,,,,,40.12,
take_profit,011930.KS,신성이엔지,2026-02-03,2026-02-04,1839.0,2580.0,2026-03-30,,,,,,,,40.29,
stop_loss,012450.KS,한화에어로스페이스,2026-03-10,2026-03-11,1459000.0,1318000.0,2026-03-27,,,,,,,,-9.66,
stop_loss,089860.KS,롯데렌탈,2026-02-11,2026-02-12,33650.0,32025.0,2026-03-10,,,,,,,,-4.83,
stop_loss,005490.KS,POSCO홀딩스,2026-01-20,2026-01-21,348344.3875534188,347750.0,2026-03-05,,,,,,,,-0.17,
stop_loss,000810.KS,삼성화재,2026-02-25,2026-02-26,546000.0,491250.0,2026-03-05,,,,,,,,-10.03,
stop_loss,033780.KS,KT&G,2026-02-09,2026-02-10,166817.5879360465,156950.0,2026-03-05,,,,,,,,-5.92,
stop_loss,066570.KS,LG전자,2026-02-23,2026-02-24,134700.0,117300.0,2026-03-05,,,,,,,,-12.92,
stop_loss,011200.KS,HMM,2026-02-20,2026-02-23,22507.46309912854,21175.0,2026-03-05,,,,,,,,-5.92,
stop_loss,090430.KS,아모레퍼시픽,2026-02-05,2026-02-06,138400.0,131600.0,2026-03-05,,,,,,,,-4.91,
stop_loss,032640.KS,LG유플러스,2026-02-03,2026-02-04,16090.0,15445.0,2026-03-05,,,,,,,,-4.01,
stop_loss,241560.KS,두산밥캣,2026-02-10,2026-02-11,62300.0,56800.0,2026-03-05,,,,,,,,-8.83,
stop_loss,128940.KS,한미약품,2026-02-04,2026-02-05,557000.0,516000.0,2026-03-05,,,,,,,,-7.36,
stop_loss,001040.KS,CJ,2026-02-04,2026-02-05,204000.0,190450.0,2026-03-05,,,,,,,,-6.64,
stop_loss,271560.KS,오리온,2026-02-24,2026-02-25,137100.0,125700.0,2026-03-05,,,,,,,,-8.32,
stop_loss,082740.KS,한화엔진,2026-01-19,2026-01-20,54600.0,47625.0,2026-03-05,,,,,,,,-12.77,
stop_loss,017800.KS,현대엘리베이터,2026-02-06,2026-02-09,92007.03125,87050.0,2026-03-05,,,,,,,,-5.39,
stop_loss,012750.KS,에스원,2026-02-09,2026-02-10,90300.0,85100.0,2026-03-05,,,,,,,,-5.76,
stop_loss,031210.KS,서울보증보험,2026-02-27,2026-03-03,57700.0,55650.0,2026-03-05,,,,,,,,-3.55,
stop_loss,139130.KS,iM금융지주,2026-02-10,2026-02-11,18076.069632804505,17150.0,2026-03-05,,,,,,,,-5.12,
stop_loss,112610.KS,씨에스윈드,2026-02-26,2026-02-27,53000.0,46425.0,2026-03-05,,,,,,,,-12.41,
stop_loss,005440.KS,현대지에프홀딩스,2026-02-23,2026-02-24,15150.0,14715.0,2026-03-05,,,,,,,,-2.87,
stop_loss,007070.KS,GS리테일,2026-02-10,2026-02-11,22315.319107289386,19290.0,2026-03-05,,,,,,,,-13.56,
stop_loss,069620.KS,대웅제약,2026-02-20,2026-02-23,174400.0,164950.0,2026-03-05,,,,,,,,-5.42,
stop_loss,005070.KS,코스모신소재,2026-03-03,2026-03-04,49100.0,48400.0,2026-03-05,,,,,,,,-1.43,
stop_loss,073240.KS,금호타이어,2026-02-19,2026-02-20,7020.0,6015.0,2026-03-05,,,,,,,,-14.32,
stop_loss,006280.KS,녹십자,2026-02-03,2026-02-04,162900.0,149600.0,2026-03-05,,,,,,,,-8.16,
stop_loss,001800.KS,오리온홀딩스,2026-02-11,2026-02-12,24100.0,22800.0,2026-03-05,,,,,,,,-5.39,
stop_loss,007310.KS,오뚜기,2026-02-24,2026-02-25,410000.0,374750.0,2026-03-05,,,,,,,,-8.6,
stop_loss,082640.KS,동양생명,2026-02-11,2026-02-12,7400.0,7100.0,2026-03-05,,,,,,,,-4.05,
stop_loss,004000.KS,롯데정밀화학,2026-02-11,2026-02-12,48200.0,44500.0,2026-03-05,,,,,,,,-7.68,
stop_loss,003090.KS,대웅,2026-02-10,2026-02-11,26100.0,23300.0,2026-03-05,,,,,,,,-10.73,
stop_loss,185750.KS,종근당,2026-02-12,2026-02-13,94000.0,84850.0,2026-03-05,,,,,,,,-9.73,
stop_loss,005300.KS,롯데칠성,2026-02-11,2026-02-12,137700.0,131250.0,2026-03-05,,,,,,,,-4.68,
stop_loss,192080.KS,더블유게임즈,2026-03-03,2026-03-04,51800.0,49125.0,2026-03-05,,,,,,,,-5.16,
stop_loss,034020.KS,두산에너빌리티,2026-02-25,2026-02-26,104100.0,86150.0,2026-03-04,,,,,,,,-17.24,
stop_loss,068270.KS,셀트리온,2026-02-19,2026-02-20,242500.0,207200.0,2026-03-04,,,,,,,,-14.56,
stop_loss,004020.KS,현대제철,2026-02-27,2026-03-03,48300.0,36575.0,2026-03-04,,,,,,,,-24.28,
stop_loss,004990.KS,롯데지주,2026-02-25,2026-02-26,37100.0,30425.0,2026-03-04,,,,,,,,-17.99,
stop_loss,000120.KS,CJ대한통운,2026-02-12,2026-02-13,139600.0,117500.0,2026-03-04,,,,,,,,-15.83,
stop_loss,008770.KS,호텔신라,2026-02-12,2026-02-13,49700.0,42525.0,2026-03-04,,,,,,,,-14.44,
stop_loss,069960.KS,현대백화점,2026-02-12,2026-02-13,110300.0,95700.0,2026-03-04,,,,,,,,-13.24,
stop_loss,294870.KS,HDC현대산업개발,2026-02-20,2026-02-23,24300.0,21300.0,2026-03-04,,,,,,,,-12.35,
stop_loss,280360.KS,롯데웰푸드,2026-02-24,2026-02-25,132700.0,116600.0,2026-03-04,,,,,,,,-12.13,
stop_loss,006650.KS,대한유화,2026-02-24,2026-02-25,188900.0,146500.0,2026-03-04,,,,,,,,-22.45,
stop_loss,066575.KS,LG전자우,2026-02-23,2026-02-24,62900.0,53100.0,2026-03-04,,,,,,,,-15.58,
stop_loss,090460.KS,비에이치,2026-02-19,2026-02-20,20450.0,16190.0,2026-03-04,,,,,,,,-20.83,
stop_loss,138040.KS,메리츠금융지주,2026-02-23,2026-02-24,138000.0,124500.0,2026-03-03,,,,,,,,-9.78,
stop_loss,180640.KS,한진칼,2026-02-25,2026-02-26,168900.0,146100.0,2026-03-03,,,,,,,,-13.5,
stop_loss,097950.KS,CJ제일제당,2026-02-11,2026-02-12,229917.99440753795,210250.0,2026-03-03,,,,,,,,-8.55,
stop_loss,036460.KS,한국가스공사,2026-02-20,2026-02-23,45450.0,42575.0,2026-03-03,,,,,,,,-6.33,
stop_loss,000240.KS,한국앤컴퍼니,2026-02-20,2026-02-23,34900.0,29925.0,2026-03-03,,,,,,,,-14.26,
stop_loss,002790.KS,아모레퍼시픽홀딩스,2026-02-12,2026-02-13,34550.0,29650.0,2026-03-03,,,,,,,,-14.18,
stop_loss,004490.KS,세방전지,2026-02-20,2026-02-23,74500.0,66400.0,2026-03-03,,,,,,,,-10.87,
stop_loss,029780.KS,삼성카드,2026-02-20,2026-02-23,67500.0,62950.0,2026-02-27,,,,,,,,-6.74,
stop_loss,175330.KS,JB금융지주,2026-02-23,2026-02-24,35489.98327690337,32600.0,2026-02-26,,,,,,,,-8.14,
stop_loss,034230.KS,파라다이스,2026-02-10,2026-02-11,21200.0,19575.0,2026-02-26,,,,,,,,-7.67,
stop_loss,009830.KS,한화솔루션,2026-02-19,2026-02-20,56500.0,51162.0,2026-02-24,,,,,,,,-9.45,
take_profit,002380.KS,KCC,2026-01-21,2026-01-22,428915.5429819617,597838.0,2026-02-24,,,,,,,,39.38,
stop_loss,018880.KS,한온시스템,2026-02-20,2026-02-23,5040.0,4622.0,2026-02-24,,,,,,,,-8.28,
stop_loss,001450.KS,현대해상,2026-02-20,2026-02-23,43000.0,36150.0,2026-02-24,,,,,,,,-15.93,
take_profit,071050.KS,한국금융지주,2026-01-30,2026-02-02,204692.82340934683,278247.0,2026-02-23,,,,,,,,35.93,
stop_loss,139480.KS,이마트,2026-02-12,2026-02-13,118500.0,112650.0,2026-02-23,,,,,,,,-4.94,
take_profit,030610.KS,교보증권,2026-01-27,2026-01-28,11770.0,16400.0,2026-02-23,,,,,,,,39.34,
take_profit,057050.KS,현대홈쇼핑,2026-02-05,2026-02-06,58600.0,80200.0,2026-02-20,,,,,,,,36.86,
take_profit,017670.KS,SK텔레콤,2026-01-26,2026-01-27,63300.0,82350.0,2026-02-19,,,,,,,,30.09,
take_profit,088350.KS,한화생명,2026-01-30,2026-02-02,3490.0,5100.0,2026-02-19,,,,,,,,46.13,
take_profit,003540.KS,대신증권,2026-02-05,2026-02-06,29600.0,44575.0,2026-02-19,,,,,,,,50.59,
stop_loss,195870.KS,해성디에스,2026-02-02,2026-02-03,64400.0,59850.0,2026-02-19,,,,,,,,-7.07,
stop_loss,008930.KS,한미사이언스,2026-02-05,2026-02-06,45200.0,41925.0,2026-02-12,,,,,,,,-7.25,
take_profit,023530.KS,롯데쇼핑,2026-01-29,2026-01-30,79400.0,115550.0,2026-02-11,,,,,,,,45.53,
take_profit,010060.KS,OCI홀딩스,2026-01-30,2026-02-02,113000.0,151600.0,2026-02-10,,,,,,,,34.16,
stop_loss,278470.KS,에이피알,2026-01-29,2026-01-30,277500.0,265750.0,2026-02-09,,,,,,,,-4.23,
stop_loss,011790.KS,SKC,2026-01-29,2026-01-30,116000.0,112400.0,2026-02-09,,,,,,,,-3.1,
stop_loss,003530.KS,한화투자증권,2026-02-04,2026-02-05,6590.0,6390.0,2026-02-09,,,,,,,,-3.03,
stop_loss,036570.KS,엔씨소프트,2026-01-20,2026-01-21,226500.0,211000.0,2026-02-06,,,,,,,,-6.84,
stop_loss,006400.KS,삼성SDI,2026-01-29,2026-01-30,390500.0,369250.0,2026-02-03,,,,,,,,-5.44,
stop_loss,005940.KS,NH투자증권,2026-01-30,2026-02-02,26950.0,26700.0,2026-02-03,,,,,,,,-0.93,
stop_loss,023590.KS,다우기술,2026-01-30,2026-02-02,51400.0,50400.0,2026-02-03,,,,,,,,-1.95,
stop_loss,003470.KS,유안타증권,2026-01-30,2026-02-02,4570.0,4440.0,2026-02-03,,,,,,,,-2.84,
stop_loss,207940.KS,삼성바이오로직스,2026-01-21,2026-01-22,1874000.0,1734000.0,2026-02-02,,,,,,,,-7.47,
stop_loss,298050.KS,HS효성첨단소재,2026-01-28,2026-01-29,264500.0,235250.0,2026-02-02,,,,,,,,-11.06,
stop_loss,329180.KS,HD현대중공업,2026-01-19,2026-01-20,637687.5953588143,584547.0,2026-01-28,,,,,,,,-8.33,
stop_loss,272210.KS,한화시스템,2026-01-16,2026-01-19,93800.0,88050.0,2026-01-28,,,,,,,,-6.13,
stop_loss,075580.KS,세진중공업,2026-01-16,2026-01-19,20300.0,19380.0,2026-01-23,,,,,,,,-4.53,
stop_loss,267270.KS,HD현대건설기계,2026-01-19,2026-01-20,120331.78427245251,113359.0,2026-01-22,,,,,,,,-5.79,
보유중,006360.KS,GS건설,2026-04-03,2026-04-06,27950.0,41000.0,,,,,,,26144.0,38051.0,46.69,9
보유중,071055.KS,한국금융지주우,2026-01-23,2026-01-26,136777.49656379668,175600.0,,,,,,,127940.0,186210.0,28.38,79
보유중,336260.KS,두산퓨얼셀,2026-03-31,2026-04-01,34850.0,43900.0,,,,,,,32598.0,47445.0,25.97,14
보유중,316140.KS,우리금융지주,2026-01-29,2026-01-30,29660.51171875,35350.0,,,,,,,27744.0,40380.0,19.18,75
보유중,055550.KS,신한지주,2026-01-27,2026-01-28,84171.10297956443,99800.0,,,,,,,78733.0,114591.0,18.57,77
보유중,086790.KS,하나금융지주,2026-01-27,2026-01-28,104158.4142602848,121100.0,,,,,,,97429.0,141802.0,16.27,77
보유중,105560.KS,KB금융,2026-01-29,2026-01-30,136382.12022697856,158200.0,,,,,,,127570.0,185671.0,16.0,75
보유중,018260.KS,삼성에스디에스,2026-03-06,2026-03-09,155600.0,178600.0,,,,,,,145547.0,211835.0,14.78,37
보유중,330590.KS,롯데리츠,2026-03-06,2026-03-09,4420.0,4845.0,,,,,,,4134.0,6017.0,9.62,37
보유중,138930.KS,BNK금융지주,2026-02-04,2026-02-05,17316.20749622754,18890.0,,,,,,,16197.0,23574.0,9.09,69
보유중,161890.KS,한국콜마,2026-04-02,2026-04-03,77400.0,82800.0,,,,,,,72399.0,105373.0,6.98,12
보유중,001740.KS,SK네트웍스,2026-02-06,2026-02-09,5200.0,5420.0,,,,,,,4864.0,7079.0,4.23,65
보유중,024110.KS,기업은행,2026-02-03,2026-02-04,22350.0,22450.0,,,,,,,20906.0,30427.0,0.45,70
보유중,003850.KS,보령,2026-04-14,2026-04-15,10030.0,10050.0,,,,,,,9382.0,13655.0,0.2,0
보유중,066970.KS,엘앤에프,2026-04-03,2026-04-06,171500.0,170600.0,,,,,,,160419.0,233481.0,-0.52,9
보유중,088980.KS,맥쿼리인프라,2026-02-27,2026-03-03,11390.0,11320.0,,,,,,,10654.0,15506.0,-0.61,43
보유중,093370.KS,후성,2026-04-10,2026-04-13,10740.0,10600.0,,,,,,,10046.0,14621.0,-1.3,2
보유중,251270.KS,넷마블,2026-03-06,2026-03-09,51700.0,50800.0,,,,,,,48360.0,70385.0,-1.74,37
보유중,018670.KS,SK가스,2026-04-07,2026-04-08,249000.0,240500.0,,,,,,,232912.0,338990.0,-3.41,7
설정,pattern_mode,LEV Investor WFO,,,,,,,,,,,,,,
설정,market_regime,short 25 / long 169,,,,,,,,,,,,,,
설정,sell_threshold,+18.2%,,,,,,,,,,,,,,
설정,buy_threshold,-9.8%,,,,,,,,,,,,,,
설정,pullback_threshold,5.5%,,,,,,,,,,,,,,
설정,current_status,매수 허용 (단기MA > 장기MA & 기울기 양수),,,,,,,,,,,,,,
설정,kospi_close,"5,967.75",,,,,,,,,,,,,,
설정,disp_short,+7.3%,,,,,,,,,,,,,,
설정,disp_long,+37.4%,,,,,,,,,,,,,,
설정,alignment,yes,,,,,,,,,,,,,,
설정,momentum_threshold,25.7%,,,,,,,,,,,,,,
설정,ranking_weights,mom 55.5% / investor 33.1% / volatility 11.4%,,,,,,,,,,,,,,
설정,score_mode,cross_sectional_rank,,,,,,,,,,,,,,
설정,leverage_mode,dynamic 1.20 / 1.45 / 1.75x,,,,,,,,,,,,,,
설정,max_slots,30,,,,,,,,,,,,,,
설정,scan_window,last 20 days,,,,,,,,,,,,,,
설정,holding_limit,49 days and under 10% profit -> exit,,,,,,,,,,,,,,
설정,stop_loss,6.5%,,,,,,,,,,,,,,
설정,take_profit,36.1%,,,,,,,,,,,,,,
설정,fee,0.17%,,,,,,,,,,,,,,
설정,slippage,"buy 0.20%, sell 0.20%",,,,,,,,,,,,,,
설정,is_return,+105.8%,,,,,,,,,,,,,,
설정,is_mdd,-22.8%,,,,,,,,,,,,,,
설정,oos_return,+112.4%,,,,,,,,,,,,,,
설정,oos_mdd,-11.8%,,,,,,,,,,,,,,
설정,data_period,2013-01-02 ~ 2026-04-07,,,,,,,,,,,,,,
